"CARREFOUR","CARREFOUR"
"YOPLAIT","YOPLAIT"
"LAITIERE M","LAITIERE M"
"MAMIE NOVA","MAMIE NOVA"
"GRAND JURY","GRAND JURY"
"MALO","MALO"
"GD JURY","GD JURY"
"DANONE NAT","DANONE NAT"
"DANONE","DANONE"
"CARREF BIO","CARREF BIO"
"VRAI","VRAI"
"SANS","SANS"
"LA LAITIER","LA LAITIER"
"FERM.PEUPL","FERM.PEUPL"
"FERM.MANEG","FERM.MANEG"
"VELOUTE","VELOUTE"
"CRF LIGHT","CRF LIGHT"
"TAILLEFINE","TAILLEFINE"
"SVELTESSE","SVELTESSE"
"CRF BIO","CRF BIO"
"NESTLE","NESTLE"
"SOIGNON","SOIGNON"
"PETIT BASQ","PETIT BASQ"
"RIANS","RIANS"
"DANACOL","DANACOL"
"ACTIVIA","ACTIVIA"
"ACTIMEL","ACTIMEL"
"1ER PRIX","1ER PRIX"
"BON.MAMAN","BON.MAMAN"
"LA FERMIER","LA FERMIER"
"BONNE MAMA","BONNE MAMA"
"G.JURY","G.JURY"
"DANIO","DANIO"
"GERVAIS","GERVAIS"
"CRF KIDS","CRF KIDS"
"R.CREMEUSE","R.CREMEUSE"
"PP BLANC","PP BLANC"
"SAVOIE YAO","SAVOIE YAO"
"LES 2 VACH","LES 2 VACH"
"BIO NAT","BIO NAT"
"MICHEL AUG","MICHEL AUG"
"STARBUCK","STARBUCK"
"MICHEL&AUG","MICHEL&AUG"
"SOJASUN","SOJASUN"
"PTIT PLAIS","PTIT PLAIS"
"DANY","DANY"
"VIENNOIS","VIENNOIS"
"CRF","CRF"
"DANETTE","DANETTE"
"LAITIERE","LAITIERE"
"AFTER EIGH","AFTER EIGH"
"CRF SELEC","CRF SELEC"
"MARI.MORIN","MARI.MORIN"
"CRF BON AP","CRF BON AP"
"B.MAMAN","B.MAMAN"
"GDJU PREMI","GDJU PREMI"
"CAMBREMER","CAMBREMER"
"JANVILLE","JANVILLE"
"DESSERT JO","DESSERT JO"
"FLANBY","FLANBY"
"ANDROS","ANDROS"
"CHARLES","CHARLES"
"GU","GU"
"RENSOW LTD","RENSOW LTD"
"CRF EXOTIQ","CRF EXOTIQ"
"PASQUIER","PASQUIER"
"KINDER","KINDER"
"EVEN","EVEN"
"PETITS SUI","PETITS SUI"
"NO NAME","NO NAME"
"NESQUIK","NESQUIK"
"PTT GERVAI","PTT GERVAI"
"SMARTIES","SMARTIES"
"REO","REO"
"JOCKEY","JOCKEY"
"JOCKEY(D)","JOCKEY(D)"
"REFLETS","REFLETS"
"COTTAGE","COTTAGE"
"FJORD","FJORD"
"GERVITA","GERVITA"
"ELLE & VIR","ELLE & VIR"
"GRAINDORGE","GRAINDORGE"
"PRESIDENT","PRESIDENT"
"ISIGNY","ISIGNY"
"LE GALL","LE GALL"
"BRIDELICE","BRIDELICE"
"BRIDELIGHT","BRIDELIGHT"
"MAILLE","MAILLE"
"INNOCENT","INNOCENT"
"ALVALLE","ALVALLE"
"TROPICANA","TROPICANA"
"DANAO","DANAO"
"VITA COCO","VITA COCO"
"SUN.DELIGH","SUN.DELIGH"
"J.GILLOT","J.GILLOT"
"BRIDEL","BRIDEL"
"CANDIA","CANDIA"
"BOCAG.NORM","BOCAG.NORM"
"GRANDLAIT","GRANDLAIT"
"LACTEL","LACTEL"
"BIOLAIT","BIOLAIT"
"VAUBERNIER","VAUBERNIER"
"SURGERES","SURGERES"
"GRAND FERM","GRAND FERM"
"PAYSAN BRE","PAYSAN BRE"
"CORALIS","CORALIS"
"VOILIER","VOILIER"
"LE MARIN","LE MARIN"
"ASTRA","ASTRA"
"FRUIT D'OR","FRUIT D'OR"
"PLANTA FIN","PLANTA FIN"
"PRIMEVERE","PRIMEVERE"
"ST HUBERT","ST HUBERT"
"LE FLEURIE","LE FLEURIE"
"VEGETALINE","VEGETALINE"
"VALCO","VALCO"
"AGRILAIT","AGRILAIT"
"SILHOUET.","SILHOUET."
"M.LEGER","M.LEGER"
"CANDY'UP","CANDY'UP"
"BANANI","BANANI"
"VIVA","VIVA"
"SPORTEUS","SPORTEUS"
"EVEIL","EVEIL"
"LUSTUCRU","LUSTUCRU"
"COCORETTE","COCORETTE"
"LOUE","LOUE"
"OEUF GASCO","OEUF GASCO"
"OEUF VILLA","OEUF VILLA"
"MATINES","MATINES"
"LE CLOS ST","LE CLOS ST"
"PAYSANGE","PAYSANGE"
"COEUR DE L","COEUR DE L"
"BON MAYENN","BON MAYENN"
"LE RUSTIQU","LE RUSTIQU"
"GILLOT","GILLOT"
"PLESSIS FR","PLESSIS FR"
"P.NORMAND","P.NORMAND"
"BERTRAND","BERTRAND"
"LEPETIT","LEPETIT"
"LANQUETOT","LANQUETOT"
"ERMITAGE","ERMITAGE"
"PLESSIS","PLESSIS"
"MOTTIN","MOTTIN"
"PAVE D'AFF","PAVE D'AFF"
"BOURSAULT","BOURSAULT"
"CAPRICE DE","CAPRICE DE"
"COEUR DE B","COEUR DE B"
"FAUQUET","FAUQUET"
"VIEUX PANE","VIEUX PANE"
"ST ALBRAY","ST ALBRAY"
"CHAUMES","CHAUMES"
"ENTREMONT","ENTREMONT"
"MEULE D'OR","MEULE D'OR"
"GALBANI","GALBANI"
"FERRARI G","FERRARI G"
"CASA AZZUR","CASA AZZUR"
"TREO","TREO"
"PARMAREGGI","PARMAREGGI"
"LEERDAMER","LEERDAMER"
"CENTURION","CENTURION"
"LEFFE","LEFFE"
"JURAFLORE","JURAFLORE"
"BOULE D OR","BOULE D OR"
"ISTARA","ISTARA"
"CAPITOUL","CAPITOUL"
"LE POCHAT","LE POCHAT"
"RICHES MON","RICHES MON"
"ETORKI","ETORKI"
"TRIBALLAT","TRIBALLAT"
"CHAUSSEE A","CHAUSSEE A"
"WYKE FARMS","WYKE FARMS"
"COUSTERON","COUSTERON"
"PORT SALUT","PORT SALUT"
"CATHEDRAL","CATHEDRAL"
"MERZER","MERZER"
"BABYBEL","BABYBEL"
"CRF SHIELD","CRF SHIELD"
"CHAVROUX","CHAVROUX"
"SAINT LOUP","SAINT LOUP"
"PETIT BILL","PETIT BILL"
"CHEVRETINE","CHEVRETINE"
"LOU PERAC","LOU PERAC"
"RIGAL","RIGAL"
"BREBIOU","BREBIOU"
"ETO.QUERCY","ETO.QUERCY"
"BRESSE BLE","BRESSE BLE"
"SOCIETE","SOCIETE"
"SAINT AGUR","SAINT AGUR"
"SOCIET.CRE","SOCIET.CRE"
"FOL EPI","FOL EPI"
"LA VACHE Q","LA VACHE Q"
"CRF DISNEY","CRF DISNEY"
"FICELLO","FICELLO"
"SYLPHIDE","SYLPHIDE"
"KIRI","KIRI"
"P'TIT LOUI","P'TIT LOUI"
"KIDIBOO","KIDIBOO"
"SALAKIS","SALAKIS"
"ST MORET","ST MORET"
"PHILADELPH","PHILADELPH"
"CARRE FRAI","CARRE FRAI"
"RONDELE","RONDELE"
"TARTARE","TARTARE"
"BOURSIN","BOURSIN"
"PER INTER","PER INTER"
"VALCREST","VALCREST"
"ST AMOUR","ST AMOUR"
"BAILLON","BAILLON"
"APERICUBE","APERICUBE"
"APERIVRAIS","APERIVRAIS"
"MILDE","MILDE"
"A.B.C.D","A.B.C.D"
"HERTA","HERTA"
"CRF-CDM","CRF-CDM"
"FLEURY MIC","FLEURY MIC"
"FLEURY","FLEURY"
"MADRANGE","MADRANGE"
"CITTERIO","CITTERIO"
"PETITGAS","PETITGAS"
"STOEFFLER","STOEFFLER"
"JEAN CABY","JEAN CABY"
"ESPUNA","ESPUNA"
"AMAND TERR","AMAND TERR"
"LEMELLE","LEMELLE"
"SAVEUR-AUG","SAVEUR-AUG"
"PRUNIER","PRUNIER"
"GUYADER","GUYADER"
"BD.CHESNEL","BD.CHESNEL"
"ALBERT LHU","ALBERT LHU"
"BAHIER","BAHIER"
"BORDEAUX C","BORDEAUX C"
"F.MESNIL","F.MESNIL"
"AOSTE","AOSTE"
"DELPEYRAT","DELPEYRAT"
"ROCHES BLC","ROCHES BLC"
"COCHONOU","COCHONOU"
"JUSTIN BRI","JUSTIN BRI"
"ROCHES","ROCHES"
"ST AGAUNE","ST AGAUNE"
"JUST.BRIDO","JUST.BRIDO"
"J.BRIDOU","J.BRIDOU"
"ISLA DELIC","ISLA DELIC"
"MORONI","MORONI"
"FRAIS DEVA","FRAIS DEVA"
"BJR CAMPAG","BJR CAMPAG"
"1","1"
"PAILLARD","PAILLARD"
"LABEYRIE","LABEYRIE"
"LARTIG.&.F","LARTIG.&.F"
"MONTAGNE N","MONTAGNE N"
"MONTAG.NRE","MONTAG.NRE"
"TOURNEBON","TOURNEBON"
"MARTINET","MARTINET"
"MONTERRAT","MONTERRAT"
"MIX BUFFET","MIX BUFFET"
"DAUNAT","DAUNAT"
"SODEBO","SODEBO"
"CRF AGIR","CRF AGIR"
"BONDUELLE","BONDUELLE"
"CRF BAP JR","CRF BAP JR"
"MARIE","MARIE"
"TRADI.ASIE","TRADI.ASIE"
"COTE BIO","COTE BIO"
"PERE DODU","PERE DODU"
"LE GAULOIS","LE GAULOIS"
"A.DE BLINI","A.DE BLINI"
"JARDIN BIO","JARDIN BIO"
"BLINI","BLINI"
"PERE OLIVE","PERE OLIVE"
"TIPIAK","TIPIAK"
"TE GUSTA","TE GUSTA"
"REGHALAL","REGHALAL"
"PANZANI","PANZANI"
"CROUSTIPAT","CROUSTIPAT"
"GDJU TOUTP","GDJU TOUTP"
"DAUNATURE","DAUNATURE"
"CEREAL BIO","CEREAL BIO"
"PAST.ANGEL","PAST.ANGEL"
"GD JURY.","GD JURY."
"RANA","RANA"
"SAINT JEAN","SAINT JEAN"
"ECOCHARD","ECOCHARD"
"MCCAIN","MCCAIN"
"WEIGHT.WAT","WEIGHT.WAT"
"WEIGHT WAT","WEIGHT WAT"
"VEGGIE","VEGGIE"
"LUANG","LUANG"
"MERE POULA","MERE POULA"
"TARTEFRAIS","TARTEFRAIS"
"Y.BRETAGNE","Y.BRETAGNE"
"POULARD","POULARD"
"DESSAINT D","DESSAINT D"
"ISLA MOND.","ISLA MOND."
"NOUR","NOUR"
"MAAYANE","MAAYANE"
"OF TOV","OF TOV"
"HOD LAVAN","HOD LAVAN"
"ASS BLEUE","ASS BLEUE"
"ARMORIC","ARMORIC"
"DELPIERRE","DELPIERRE"
"WILL&JAMES","WILL&JAMES"
"GDJURY BIO","GDJURY BIO"
"CH.DELGOVE","CH.DELGOVE"
"LANDVIKA","LANDVIKA"
"OVIVE","OVIVE"
"MERE ANGOT","MERE ANGOT"
"POLENGHI","POLENGHI"
"MONEGASQUE","MONEGASQUE"
"VANELLI","VANELLI"
"DELICEMER","DELICEMER"
"DELI.MONDE","DELI.MONDE"
"KRITSEN","KRITSEN"
"CAP OCEAN","CAP OCEAN"
"CRUSTARMOR","CRUSTARMOR"
"SELEC.MARE","SELEC.MARE"
"CORAYA","CORAYA"
"S.DUTRIAUX","S.DUTRIAUX"
"CRUSCANA","CRUSCANA"
"DOUCE FRAN","DOUCE FRAN"
"NAT.FRANCE","NAT.FRANCE"
"MAITRE COQ","MAITRE COQ"
"D.FRANCE","D.FRANCE"
"V.FRANCAIS","V.FRANCAIS"
"GASTRONOME","GASTRONOME"
"CRF HALAL","CRF HALAL"
"CUISINE&VR","CUISINE&VR"
"P.GUILLAUM","P.GUILLAUM"
"BRET.LAPIN","BRET.LAPIN"
"LOEUL ET P","LOEUL ET P"
"DUC","DUC"
"CHARAL","CHARAL"
"SOCOPA","SOCOPA"
"BIGARD","BIGARD"
"TENDRIADE","TENDRIADE"
"EQC","EQC"
"MACQUET","MACQUET"
"BRASERADES","BRASERADES"
"MAITRE JAC","MAITRE JAC"
"FQC","FQC"
"PEGASE","PEGASE"
"SELEC.GABY","SELEC.GABY"
"HENAFF","HENAFF"
"BRAT'S","BRAT'S"
"GENERIQUE","GENERIQUE"
"CLERMONT","CLERMONT"
"MORITZ","MORITZ"
"S.PRESSOIR","S.PRESSOIR"
"COOPERL","COOPERL"
"BROCELIAND","BROCELIAND"
"NEUTRE","NEUTRE"
"TENDR.PLUS","TENDR.PLUS"
"SOVIBA","SOVIBA"
"VOLBEL","VOLBEL"
"S.VOLAILLE","S.VOLAILLE"
"ARTCULINE","ARTCULINE"
"FINDUS","FINDUS"
"COMPTOIR M","COMPTOIR M"
"BUITONI","BUITONI"
"RISTORANTE","RISTORANTE"
"PIZ.MANOSQ","PIZ.MANOSQ"
"ANCEL RIST","ANCEL RIST"
"DR SCHAR","DR SCHAR"
"DR OETKER","DR OETKER"
"GR.JURY","GR.JURY"
"DEFROIDMON","DEFROIDMON"
"CIE.ARTIQU","CIE.ARTIQU"
"ALMONDY","ALMONDY"
"OUMMI","OUMMI"
"ORIENT.VDE","ORIENT.VDE"
"KAUFFERS","KAUFFERS"
"EN CUISINE","EN CUISINE"
"MAC CAIN","MAC CAIN"
"FR.KEBAB","FR.KEBAB"
"CLASSIC F.","CLASSIC F."
"LE TREFLE","LE TREFLE"
"MADERN","MADERN"
"VITACUIRE","VITACUIRE"
"T.PARIS","T.PARIS"
"BERNADET","BERNADET"
"TR.CORNOUI","TR.CORNOUI"
"BONCOLAC","BONCOLAC"
"ESCAL","ESCAL"
"MAGGI","MAGGI"
"GOLFONUEVO","GOLFONUEVO"
"KAREA","KAREA"
"AMIGOS","AMIGOS"
"COSTA","COSTA"
"S.DISCOUNT","S.DISCOUNT"
"GIMB.OCEAN","GIMB.OCEAN"
"YOOJI","YOOJI"
"IGLO","IGLO"
"CITE MARIN","CITE MARIN"
"GEL PECHE","GEL PECHE"
"SILVERSEA","SILVERSEA"
"FDG","FDG"
"FDG RESTAU","FDG RESTAU"
"DELFIN","DELFIN"
"PRE D AUGE","PRE D AUGE"
"FR.GASTRON","FR.GASTRON"
"FDG EXCELL","FDG EXCELL"
"CROK'APERO","CROK'APERO"
"SILL ARTIQ","SILL ARTIQ"
"MAREVAL","MAREVAL"
"F.BUTCHER","F.BUTCHER"
"ORIENT HAL","ORIENT HAL"
"MADHIA","MADHIA"
"J. FLOCH","J. FLOCH"
"MOY PARK","MOY PARK"
"PURE SOUTH","PURE SOUTH"
"ALSALOR","ALSALOR"
"DEFIAL","DEFIAL"
"MONTFORT","MONTFORT"
"MAHDIA","MAHDIA"
"POM BISTRO","POM BISTRO"
"D'AUCY","D'AUCY"
"MAGDA","MAGDA"
"AMY.KITCH.","AMY.KITCH."
"GYMA","GYMA"
"CHAMPICEP","CHAMPICEP"
"MARKAGEL","MARKAGEL"
"BARILLA","BARILLA"
"MARIE.","MARIE."
"CRF DISC.","CRF DISC."
"M.BONCOLAC","M.BONCOLAC"
"FAUCHON","FAUCHON"
"PROMOCASH","PROMOCASH"
"DELIFRANCE","DELIFRANCE"
"COLORADO C","COLORADO C"
"ERHARD","ERHARD"
"FOURNIL FR","FOURNIL FR"
"DUTEIL","DUTEIL"
"KARA","KARA"
"BROSSARD","BROSSARD"
"BRIDOR","BRIDOR"
"BCS","BCS"
"RGE PARFUM","RGE PARFUM"
"DAREGAL","DAREGAL"
"LIGUEIL","LIGUEIL"
"MAESTRELLA","MAESTRELLA"
"CARTE D'OR","CARTE D'OR"
"CIGALINES","CIGALINES"
"TERRE BLEU","TERRE BLEU"
"L.ANGELYS","L.ANGELYS"
"HISTOIRE","HISTOIRE"
"F.NORMAND","F.NORMAND"
"HAAGEN-DAZ","HAAGEN-DAZ"
"BEN&JERRY'","BEN&JERRY'"
"MILKA","MILKA"
"OREO","OREO"
"DAIM","DAIM"
"TOBLERONE","TOBLERONE"
"MAGNUM","MAGNUM"
"PULCO","PULCO"
"OASIS","OASIS"
"YETI","YETI"
"DISNEY","DISNEY"
"HEARTBRAND","HEARTBRAND"
"GLACON DOC","GLACON DOC"
"CORNETTO","CORNETTO"
"SNICKERS","SNICKERS"
"MARS","MARS"
"TWIX","TWIX"
"BOUNTY","BOUNTY"
"SMILEY","SMILEY"
"PILPA","PILPA"
"PILPA DESS","PILPA DESS"
"VIENNETTA","VIENNETTA"
"TALLEC","TALLEC"
"PREDAULT","PREDAULT"
"JBON BOCAG","JBON BOCAG"
"CABY","CABY"
"MONTORSI","MONTORSI"
"LE JONQUAY","LE JONQUAY"
"WAGNER","WAGNER"
"A.LAURENT","A.LAURENT"
"PREST.SART","PREST.SART"
"SANS MARQUE","SANS MARQUE"
"MERE LYONN","MERE LYONN"
"BRIENT","BRIENT"
"COIN GOURM","COIN GOURM"
"DOM.PICARD","DOM.PICARD"
"REN.SAVEUR","REN.SAVEUR"
"GD VALLEE","GD VALLEE"
"LA BRESSE","LA BRESSE"
"SARTHOISES","SARTHOISES"
"M.COCHON","M.COCHON"
"SCHMIDT","SCHMIDT"
"ENTREE MER","ENTREE MER"
"GILTRAITEU","GILTRAITEU"
"G.TRAITEUR","G.TRAITEUR"
"BOLARD","BOLARD"
"CHAMPION","CHAMPION"
"RANDY","RANDY"
"SAPRESTI","SAPRESTI"
"DEL.ORIENT","DEL.ORIENT"
"PRODISAL","PRODISAL"
"AGIS","AGIS"
"STALAVEN","STALAVEN"
"NATIONALE","NATIONALE"
"CH.KELLER","CH.KELLER"
"RECETTECRF","RECETTECRF"
"D.D ORIENT","D.D ORIENT"
"TEGUSTA","TEGUSTA"
"APERO PASO","APERO PASO"
"REGALETTE","REGALETTE"
"MIDI TIELL","MIDI TIELL"
"C'PIERRE","C'PIERRE"
"GALILEO","GALILEO"
"MDD","MDD"
"PEKA FRESH","PEKA FRESH"
"PAUL PREDA","PAUL PREDA"
"NOEL ALIM","NOEL ALIM"
"SS MARQUE","SS MARQUE"
"DEBROAS","DEBROAS"
"HAUT PAYS","HAUT PAYS"
"PERE BENOI","PERE BENOI"
"RECETTE","RECETTE"
"ISALI","ISALI"
"RERO","RERO"
"GYRDIS","GYRDIS"
"ROITELET","ROITELET"
"T.NORMANDI","T.NORMANDI"
"JORT","JORT"
"MARIE HARE","MARIE HARE"
"CHAMOIS D'","CHAMOIS D'"
"FROM.AFFIN","FROM.AFFIN"
"LINCET","LINCET"
"MONTS JOUX","MONTS JOUX"
"ETOIL.VERC","ETOIL.VERC"
"THEBAULT","THEBAULT"
"ROY.HOLLAN","ROY.HOLLAN"
"FR.CHABERT","FR.CHABERT"
"MIRAMONT","MIRAMONT"
"LIVRADOIS","LIVRADOIS"
"DISCHAMP","DISCHAMP"
"T.AUVERGNE","T.AUVERGNE"
"ONETIK","ONETIK"
"JEANPERRIN","JEANPERRIN"
"EDELMONT","EDELMONT"
"BREZAIN","BREZAIN"
"PTE PERCEE","PTE PERCEE"
"VERDANNET","VERDANNET"
"MONTS&TERR","MONTS&TERR"
"SCHMIDHAUS","SCHMIDHAUS"
"RIVOIR&JAC","RIVOIR&JAC"
"GD COMTOIS","GD COMTOIS"
"MN HOBBY","MN HOBBY"
"MIFROMA","MIFROMA"
"PAPILLON.","PAPILLON."
"LA MEMEE","LA MEMEE"
"CANTOREL","CANTOREL"
"ROCHEBARON","ROCHEBARON"
"CASTELLI","CASTELLI"
"JEAN FAUP","JEAN FAUP"
"FROM.DROME","FROM.DROME"
"ANJOUIN","ANJOUIN"
"FERME CRAY","FERME CRAY"
"SEVRE BELL","SEVRE BELL"
"LE VERNEUI","LE VERNEUI"
"FROM.NEIGE","FROM.NEIGE"
"FROM.BANON","FROM.BANON"
"POITOU CHE","POITOU CHE"
"FR.VERDIER","FR.VERDIER"
"FROM'COEUR","FROM'COEUR"
"CORSICA","CORSICA"
"RAMBOL","RAMBOL"
"CHATEAU BL","CHATEAU BL"
"AM.DESSERT","AM.DESSERT"
"C.DESSERTS","C.DESSERTS"
"LAIT VICHY","LAIT VICHY"
"O'TAPAS","O'TAPAS"
"REC.CHAUDR","REC.CHAUDR"
"PAPILLON","PAPILLON"
"O TAPAS","O TAPAS"
"V.D.MESNIL","V.D.MESNIL"
"BRESSE","BRESSE"
"JANZE","JANZE"
"CHALLANS","CHALLANS"
"LEGEMMEUR","LEGEMMEUR"
"SPNP","SPNP"
"MICHEL ADR","MICHEL ADR"
"CULTIMER","CULTIMER"
"GRAIN OR","GRAIN OR"
"SAVOYARDE","SAVOYARDE"
"MENISSEZ","MENISSEZ"
"PANAVI","PANAVI"
"G.SAVOYARD","G.SAVOYARD"
"GENIUS","GENIUS"
"DELIC.TOUR","DELIC.TOUR"
"DELICES","DELICES"
"CSM FRANCE","CSM FRANCE"
"BERLIDON","BERLIDON"
"POPPIES","POPPIES"
"SIMPSONS","SIMPSONS"
"FLOREPI","FLOREPI"
"PAT.KREMER","PAT.KREMER"
"ERHARD PAT","ERHARD PAT"
"DELMOTTE","DELMOTTE"
"LIGHTBODY","LIGHTBODY"
"HEBERT","HEBERT"
"ASTRUC","ASTRUC"
"CACAOBARRY","CACAOBARRY"
"PATISFRANC","PATISFRANC"
"ESCO","ESCO"
"M.PRUNILLE","M.PRUNILLE"
"PETIT PRIX","PETIT PRIX"
"PRUNO DELI","PRUNO DELI"
"SEEBERGER","SEEBERGER"
"PETIT PX","PETIT PX"
"DES.SAVEUR","DES.SAVEUR"
"DACO BELLO","DACO BELLO"
"DOMINO","DOMINO"
"SUN","SUN"
"FAVORITE","FAVORITE"
"SOUA SOUA","SOUA SOUA"
"SUN.","SUN."
"PTI PRIX","PTI PRIX"
"M.FRT SEC","M.FRT SEC"
"BRUT COQUE","BRUT COQUE"
"REAL FRUIT","REAL FRUIT"
"O'SOLEIL","O'SOLEIL"
"EPICEA","EPICEA"
"VIDELYS","VIDELYS"
"OCEAN SPRA","OCEAN SPRA"
"WONDERFUL","WONDERFUL"
"MOVIES POP","MOVIES POP"
"ALP'NOIX","ALP'NOIX"
"VALNOIX","VALNOIX"
"FLORETTE","FLORETTE"
"CRUDETTES","CRUDETTES"
"CZON","CZON"
"TROP.APERO","TROP.APERO"
"ENSOLEIL'A","ENSOLEIL'A"
"MILLE SUD","MILLE SUD"
"CROC FRAIS","CROC FRAIS"
"FRESH GOUR","FRESH GOUR"
"CREALINE","CREALINE"
"GREENSHOOT","GREENSHOOT"
"FER.ANCHIN","FER.ANCHIN"
"GIRAUDET","GIRAUDET"
"FERM.ANCHI","FERM.ANCHI"
"ULTI","ULTI"
"POUSS'SALA","POUSS'SALA"
"LUNOR","LUNOR"
"ALLAIRE","ALLAIRE"
"ROGER","ROGER"
"PELLETIER","PELLETIER"
"HEUDEBERT","HEUDEBERT"
"BRAISOR","BRAISOR"
"JACQUET","JACQUET"
"KRISPROLL","KRISPROLL"
"KRISPROLLS","KRISPROLLS"
"CRACOTTE","CRACOTTE"
"LU","LU"
"CRAQUELINS","CRAQUELINS"
"MARGELY","MARGELY"
"WASA","WASA"
"HARRY'S","HARRY'S"
"LA BOULANG","LA BOULANG"
"REGENT'S","REGENT'S"
"FOSSIER","FOSSIER"
"PAILLE DOR","PAILLE DOR"
"CEMOI","CEMOI"
"BRUN","BRUN"
"BUHLER","BUHLER"
"SAXO","SAXO"
"DELACRE","DELACRE"
"GAVOTTES","GAVOTTES"
"LES GAVOTT","LES GAVOTT"
"GAVOTTE","GAVOTTE"
"PIDY","PIDY"
"BN","BN"
"BRINK","BRINK"
"PRINCE","PRINCE"
"NUTELLA","NUTELLA"
"LOTUS","LOTUS"
"PEPITO","PEPITO"
"LULU OURSO","LULU OURSO"
"ST.MICHEL","ST.MICHEL"
"A.DELICES","A.DELICES"
"DUPLO","DUPLO"
"GRANOLA","GRANOLA"
"LESTER","LESTER"
"LE MANOIR","LE MANOIR"
"BELVITA","BELVITA"
"ST MICHEL","ST MICHEL"
"KELLOGS","KELLOGS"
"KELLOGGS","KELLOGGS"
"M.VITIES","M.VITIES"
"B.COTENTIN","B.COTENTIN"
"TRAOU MAD","TRAOU MAD"
"ABBAYE","ABBAYE"
"PLEYBEN","PLEYBEN"
"LE GLAZIK","LE GLAZIK"
"M.POULARD","M.POULARD"
"ST AUBERT","ST AUBERT"
"B.ABBAYE","B.ABBAYE"
"LOTUS B","LOTUS B"
"WALKERS","WALKERS"
"BASTOGNE","BASTOGNE"
"MC VITIES","MC VITIES"
"PTS AMOUR.","PTS AMOUR."
"ARMOR","ARMOR"
"TERRE ITAL","TERRE ITAL"
"G ET CIE","G ET CIE"
"GRANY","GRANY"
"KAMBLY","KAMBLY"
"PT ECOLIER","PT ECOLIER"
"NAPOLITAIN","NAPOLITAIN"
"MIKADO","MIKADO"
"M&MS","M&MS"
"CADBURY","CADBURY"
"COQUELINE","COQUELINE"
"MUL BIANCO","MUL BIANCO"
"BAHLSEN","BAHLSEN"
"J.DESTROOP","J.DESTROOP"
"LA SULTANA","LA SULTANA"
"CADBURY'S","CADBURY'S"
"CALECHE","CALECHE"
"LE STER","LE STER"
"WHAOU","WHAOU"
"LULU","LULU"
"JEAN DUCOU","JEAN DUCOU"
"DUCOURTIEU","DUCOURTIEU"
"KER CADELA","KER CADELA"
"SEREBIS","SEREBIS"
"FORCHY PAT","FORCHY PAT"
"PITCH","PITCH"
"LA FOURNEE","LA FOURNEE"
"BOULANGERE","BOULANGERE"
"ANCEL","ANCEL"
"BOEHLI","BOEHLI"
"BELIN","BELIN"
"TUC","TUC"
"BENENUTS","BENENUTS"
"NA","NA"
"VICO","VICO"
"TOOGOOD","TOOGOOD"
"3D'S","3D'S"
"M.MUNCH","M.MUNCH"
"MENGUY'S","MENGUY'S"
"CURLY","CURLY"
"CHEETOS","CHEETOS"
"FRITELLE","FRITELLE"
"LORENZ","LORENZ"
"PRINGLES","PRINGLES"
"CRUNCHIPS","CRUNCHIPS"
"LAY'S","LAY'S"
"DORITOS","DORITOS"
"GDJU EQUIL","GDJU EQUIL"
"APERIFRUIT","APERIFRUIT"
"AIR D'ICI","AIR D'ICI"
"FRIT RAVIC","FRIT RAVIC"
"F.RAVICH","F.RAVICH"
"HAPPY NUT","HAPPY NUT"
"CRESPO","CRESPO"
"PUGET","PUGET"
"TYRRELLS","TYRRELLS"
"PONTI","PONTI"
"JACQUES VA","JACQUES VA"
"GD MERE","GD MERE"
"LAVAZZA","LAVAZZA"
"SEGAFREDO","SEGAFREDO"
"QUOTIDIEN","QUOTIDIEN"
"TANNEAU","TANNEAU"
"M.DU CAFE","M.DU CAFE"
"SAN MARCO","SAN MARCO"
"CARTE NOIR","CARTE NOIR"
"GRAND MERE","GRAND MERE"
"MALONGO","MALONGO"
"L'OR INTEN","L'OR INTEN"
"LOBODIS","LOBODIS"
"VELOUR NOI","VELOUR NOI"
"DELICA C.R","DELICA C.R"
"CAFE ROYAL","CAFE ROYAL"
"SENSEO","SENSEO"
"GRAND'MERE","GRAND'MERE"
"MAISON DU","MAISON DU"
"TASSIMO","TASSIMO"
"MEO","MEO"
"NESCAFE","NESCAFE"
"L'OR DOUX","L'OR DOUX"
"ILLY","ILLY"
"LIPTON","LIPTON"
"BROCELIAN","BROCELIAN"
"GDJU EQUIT","GDJU EQUIT"
"AROMEX","AROMEX"
"DESIR VRAI","DESIR VRAI"
"TASSE ROUG","TASSE ROUG"
"MAXWELL","MAXWELL"
"RELAX","RELAX"
"LEROUX","LEROUX"
"CICONA","CICONA"
"CARO","CARO"
"BENCO","BENCO"
"POULAIN","POULAIN"
"BANANIA","BANANIA"
"SUCHARD","SUCHARD"
"VAN HOUTEN","VAN HOUTEN"
"OVOMALTINE","OVOMALTINE"
"TONIMALT","TONIMALT"
"CHOCOS","CHOCOS"
"CRISP","CRISP"
"G.GRAHAM","G.GRAHAM"
"TRESOR","TRESOR"
"QUAKER","QUAKER"
"WEETABIX","WEETABIX"
"COUNTRY","COUNTRY"
"JORDANS","JORDANS"
"CRUESLI","CRUESLI"
"EXTRA","EXTRA"
"SPECIAL K","SPECIAL K"
"EAT","EAT"
"FITNESS","FITNESS"
"TWININGS","TWININGS"
"TETLEY","TETLEY"
"L.TISANIER","L.TISANIER"
"ELEPHANT","ELEPHANT"
"O.BRANDS","O.BRANDS"
"RICOLA","RICOLA"
"LINDT","LINDT"
"COTE D'OR","COTE D'OR"
"VILLARS","VILLARS"
"RITTER","RITTER"
"GALAK","GALAK"
"LUTTI","LUTTI"
"HARIBO","HARIBO"
"LA PIE QUI","LA PIE QUI"
"VERQUIN","VERQUIN"
"KREMA","KREMA"
"REGAL'AD","REGAL'AD"
"SKITTLES","SKITTLES"
"MENTOS","MENTOS"
"CARAMBAR","CARAMBAR"
"WERTHER'S","WERTHER'S"
"D.D'ISIGNY","D.D'ISIGNY"
"MICHOKO","MICHOKO"
"C.ARGOUGES","C.ARGOUGES"
"ISIGNY.","ISIGNY."
"TROLLI","TROLLI"
"LASSO","LASSO"
"BANDOS","BANDOS"
"ACROLASSO","ACROLASSO"
"WONKA","WONKA"
"TITOON'S","TITOON'S"
"JELLY BELL","JELLY BELL"
"HITSCHIES","HITSCHIES"
"ACROFOURRE","ACROFOURRE"
"PIE CHANTE","PIE CHANTE"
"PAST.VICHY","PAST.VICHY"
"FISHERMAN'","FISHERMAN'"
"CROIBLEU","CROIBLEU"
"LOOKOLOOK","LOOKOLOOK"
"MALABAR","MALABAR"
"VICHY","VICHY"
"LA VOSGIEN","LA VOSGIEN"
"CHUPA CHUP","CHUPA CHUP"
"FIZZY","FIZZY"
"VIDAL","VIDAL"
"CHUP.CHUPS","CHUP.CHUPS"
"ASTERIX","ASTERIX"
"PEZ","PEZ"
"MAM.MAG PO","MAM.MAG PO"
"TIC TAC","TIC TAC"
"FRUITELLA","FRUITELLA"
"LAJAUNIE","LAJAUNIE"
"FRISK","FRISK"
"HOLLYWOOD","HOLLYWOOD"
"MENTOS GUM","MENTOS GUM"
"BUBBLE GUM","BUBBLE GUM"
"ZED","ZED"
"STIMOROL","STIMOROL"
"FREEDENT","FREEDENT"
"AIRWAVES","AIRWAVES"
"SIFFREIN","SIFFREIN"
"RAFFAELLO","RAFFAELLO"
"CELEBRATIO","CELEBRATIO"
"FERRERO","FERRERO"
"QUALITY ST","QUALITY ST"
"MON CHERI","MON CHERI"
"MIXED","MIXED"
"BALISTO","BALISTO"
"NUTS","NUTS"
"NEWTREE","NEWTREE"
"SUNDY","SUNDY"
"CRUNCH","CRUNCH"
"MALTESERS","MALTESERS"
"MM'S","MM'S"
"CHIPS AHOY","CHIPS AHOY"
"HERSHEY'S","HERSHEY'S"
"RECRE OLE","RECRE OLE"
"MONT BLANC","MONT BLANC"
"MBLANC","MBLANC"
"ALSA","ALSA"
"YABON","YABON"
"DR.OETKER","DR.OETKER"
"MOENCH","MOENCH"
"IMPERIAL","IMPERIAL"
"V.TRAPPE","V.TRAPPE"
"MR FREEZE","MR FREEZE"
"VAHINE","VAHINE"
"MAIZENA","MAIZENA"
"VANIFLOR","VANIFLOR"
"PATELIERE","PATELIERE"
"SEBALCE","SEBALCE"
"BRASIFLOR","BRASIFLOR"
"S","S"
"BRIANCON","BRIANCON"
"FRUITS DEL","FRUITS DEL"
"GUEPRATTE","GUEPRATTE"
"BORGES","BORGES"
"YARDEN","YARDEN"
"N.GAILLARD","N.GAILLARD"
"C.QUEBEC","C.QUEBEC"
"NX GAILLAR","NX GAILLAR"
"NOIX GAILL","NOIX GAILL"
"BARRY","BARRY"
"REGILAIT","REGILAIT"
"GLORIA","GLORIA"
"BEGHIN SAY","BEGHIN SAY"
"SOL","SOL"
"ST LOUIS","ST LOUIS"
"DADDY","DADDY"
"VAN","VAN"
"PERRUCHE","PERRUCHE"
"PUREVIA","PUREVIA"
"PATRELLE","PATRELLE"
"GINKO","GINKO"
"CANDEREL","CANDEREL"
"SUNNY D","SUNNY D"
"TUTTIFREE","TUTTIFREE"
"GERBLE","GERBLE"
"GAYELORD","GAYELORD"
"KARELIA","KARELIA"
"KARELEA","KARELEA"
"DUKAN","DUKAN"
"ALLERGO","ALLERGO"
"BJORG","BJORG"
"JARD.BIOL.","JARD.BIOL."
"NO GLUTEN","NO GLUTEN"
"BIOTHENTI.","BIOTHENTI."
"BIO LA VIE","BIO LA VIE"
"TERRES&CER","TERRES&CER"
"ROSINSKI","ROSINSKI"
"CERAL BIO","CERAL BIO"
"SUPPLEX","SUPPLEX"
"FLORESSANC","FLORESSANC"
"YU.TUO CHA","YU.TUO CHA"
"VIVIS","VIVIS"
"9BAR","9BAR"
"RIGONI","RIGONI"
"MIEL BESAC","MIEL BESAC"
"VITABIO","VITABIO"
"V.ALPILLES","V.ALPILLES"
"CAUVIN","CAUVIN"
"SACLA","SACLA"
"ALTER ECO","ALTER ECO"
"SOFAL","SOFAL"
"VITARMONYL","VITARMONYL"
"ETHIQUABLE","ETHIQUABLE"
"MON FOURNI","MON FOURNI"
"CH.VIGNON","CH.VIGNON"
"NATURELA","NATURELA"
"PLAISANCE","PLAISANCE"
"NATURATTIT","NATURATTIT"
"CRF NUTRIT","CRF NUTRIT"
"GERLINEA","GERLINEA"
"CELLISLIM","CELLISLIM"
"JUVAMINE","JUVAMINE"
"JUVAFLORI","JUVAFLORI"
"ISOSTAR","ISOSTAR"
"DUERRS","DUERRS"
"OLD EL PAS","OLD EL PAS"
"POCO LOCO","POCO LOCO"
"COQ NOIR","COQ NOIR"
"PLAZA DEL","PLAZA DEL"
"VIGILANTE","VIGILANTE"
"EL AVION","EL AVION"
"GULLON.","GULLON."
"HIDA","HIDA"
"AL WADI","AL WADI"
"FLORELLI","FLORELLI"
"VALLEDORO","VALLEDORO"
"PIETRO CAS","PIETRO CAS"
"ARTESANI","ARTESANI"
"TOSCORO","TOSCORO"
"MONVISO","MONVISO"
"RUMMO","RUMMO"
"SICELIANI","SICELIANI"
"DI VITA","DI VITA"
"NOSARI","NOSARI"
"GRANORO","GRANORO"
"ZONE ECONO","ZONE ECONO"
"BONORI","BONORI"
"DOLCIOSO","DOLCIOSO"
"BELFIORI","BELFIORI"
"BRANCA","BRANCA"
"B.APPETIT","B.APPETIT"
"BONAPPETIT","BONAPPETIT"
"MICAU","MICAU"
"MILANEZA","MILANEZA"
"LUSITANA","LUSITANA"
"FIDES","FIDES"
"COMPAL","COMPAL"
"VIEIRA","VIEIRA"
"NOBRE","NOBRE"
"COMPAL.","COMPAL."
"NEWMAN'S","NEWMAN'S"
"MARMITE","MARMITE"
"HEINZ","HEINZ"
"TIPTREE","TIPTREE"
"JACOBS","JACOBS"
"DR PEPPER","DR PEPPER"
"PG TIPS","PG TIPS"
"LEA&PERRIN","LEA&PERRIN"
"HP SAUCE","HP SAUCE"
"SKIPPY","SKIPPY"
"JACOB'S","JACOB'S"
"TILDA","TILDA"
"TAYLORS OF","TAYLORS OF"
"BISTO","BISTO"
"DAM.BESSON","DAM.BESSON"
"CHALEUR CR","CHALEUR CR"
"M'AMOUR","M'AMOUR"
"RBI","RBI"
"CREOL.FOOD","CREOL.FOOD"
"CREOLE FOO","CREOLE FOO"
"SAMAI","SAMAI"
"ENCONA","ENCONA"
"ELOT","ELOT"
"NC","NC"
"APOLLO","APOLLO"
"GRACE","GRACE"
"SUZI WAN","SUZI WAN"
"TANOSHI","TANOSHI"
"UNCLE BEN'","UNCLE BEN'"
"PATAKS","PATAKS"
"OTTOGI","OTTOGI"
"GO-TAN","GO-TAN"
"KIKKOMAN","KIKKOMAN"
"MITSUBA","MITSUBA"
"GOTAN","GOTAN"
"NISSIN","NISSIN"
"HIKARI","HIKARI"
"BLUE DRAGO","BLUE DRAGO"
"S&B","S&B"
"DILMAH","DILMAH"
"M.MIN","M.MIN"
"WAI WAI","WAI WAI"
"PATAK'S","PATAK'S"
"SUREE","SUREE"
"RIZ MONDE","RIZ MONDE"
"IDEKO","IDEKO"
"THAI KITCH","THAI KITCH"
"ROYAL UMBR","ROYAL UMBR"
"MAKLI","MAKLI"
"BANH TRANG","BANH TRANG"
"BRIGHT","BRIGHT"
"JINJI CUP","JINJI CUP"
"RICHTER","RICHTER"
"C.EPICES","C.EPICES"
"SAMIA","SAMIA"
"JUMBO","JUMBO"
"LEGUMOR","LEGUMOR"
"ZAKIA","ZAKIA"
"DARI","DARI"
"SUZY WAN","SUZY WAN"
"PROFRUIT","PROFRUIT"
"PRESTIGIEU","PRESTIGIEU"
"DAKATINE","DAKATINE"
"DOUNIA","DOUNIA"
"SAUPIQUET","SAUPIQUET"
"HALAL D.","HALAL D."
"HAUDECOEUR","HAUDECOEUR"
"LE RENARD","LE RENARD"
"LA PASTILL","LA PASTILL"
"STARLING","STARLING"
"CODEFA","CODEFA"
"J.MARTIN","J.MARTIN"
"T.RABASSE","T.RABASSE"
"DUCROS","DUCROS"
"COLONA","COLONA"
"ROLLI","ROLLI"
"TREBLEC","TREBLEC"
"FRANCINE","FRANCINE"
"EBLY","EBLY"
"F.EL MOI","F.EL MOI"
"MOUSLINE","MOUSLINE"
"REGIA","REGIA"
"ALP.SAVOIE","ALP.SAVOIE"
"PANZANI+","PANZANI+"
"PETIT NAVI","PETIT NAVI"
"EBLY.","EBLY."
"V.PAILLE","V.PAILLE"
"DE CECCO","DE CECCO"
"RCL","RCL"
"ALPINA","ALPINA"
"GAROFALO","GAROFALO"
"RISO GALLO","RISO GALLO"
"MUTTI","MUTTI"
"SOLEILLANS","SOLEILLANS"
"CHEF","CHEF"
"DEL MONTE","DEL MONTE"
"AROPIZ","AROPIZ"
"CHARLEVAL","CHARLEVAL"
"ZAPETTI","ZAPETTI"
"BASSO","BASSO"
"CIRO","CIRO"
"VIVIEN PAI","VIVIEN PAI"
"TAUREAU AI","TAUREAU AI"
"SABAROT","SABAROT"
"DUPUY","DUPUY"
"KNORR","KNORR"
"ARIAKE","ARIAKE"
"VIANDOX","VIANDOX"
"LIEBIG","LIEBIG"
"LA POTAGER","LA POTAGER"
"POTAG.BIO","POTAG.BIO"
"LARZUL","LARZUL"
"ROYCO","ROYCO"
"FLORALINE","FLORALINE"
"TRAMIER","TRAMIER"
"LA CIOTA","LA CIOTA"
"MENGUY","MENGUY"
"AMORA","AMORA"
"KUHNE","KUHNE"
"LE JARDIN","LE JARDIN"
"JARD.ORANT","JARD.ORANT"
"VITAL","VITAL"
"DELECTABL","DELECTABL"
"OLABE","OLABE"
"TOLEDO","TOLEDO"
"ILOU","ILOU"
"DUCRO","DUCRO"
"LESIEUR","LESIEUR"
"BENEDICTA","BENEDICTA"
"DEVOS LEMM","DEVOS LEMM"
"CAP BON.","CAP BON."
"PHARE CAPB","PHARE CAPB"
"HELLMANN'S","HELLMANN'S"
"GUERANDAIS","GUERANDAIS"
"CEREBOS","CEREBOS"
"PERROSEL","PERROSEL"
"TRAD Y SEL","TRAD Y SEL"
"FUCHS","FUCHS"
"NATURALINE","NATURALINE"
"ESPIG","ESPIG"
"COLUMBIA","COLUMBIA"
"MARTIN'S","MARTIN'S"
"BAHIA","BAHIA"
"CEPASCO","CEPASCO"
"ESPIG B.E","ESPIG B.E"
"ST BENOIT","ST BENOIT"
"BRET'S","BRET'S"
"KETTLES","KETTLES"
"TERRA","TERRA"
"ISIO 4","ISIO 4"
"ISIO OLIVE","ISIO OLIVE"
"FRIAL","FRIAL"
"RISSO","RISSO"
"BORGES*","BORGES*"
"RISSO CHEF","RISSO CHEF"
"BERINOIX","BERINOIX"
"NOXELLABER","NOXELLABER"
"GUENARD","GUENARD"
"TOURANGELL","TOURANGELL"
"CARAPELLI","CARAPELLI"
"LA ORO","LA ORO"
"TERRA DEL","TERRA DEL"
"OLIVES","OLIVES"
"OLIVE","OLIVE"
"SOLEOU","SOLEOU"
"BASTIDES","BASTIDES"
"RITHIAOPHA","RITHIAOPHA"
"PHENICIA","PHENICIA"
"ESPORAO","ESPORAO"
"SANTOLIVA","SANTOLIVA"
"SALVATORI","SALVATORI"
"ALU ITALIE","ALU ITALIE"
"ALU GRECE","ALU GRECE"
"MONINI","MONINI"
"POURET","POURET"
"SELECT.","SELECT."
"SICILIA","SICILIA"
"L.BLANC","L.BLANC"
"FARAUD","FARAUD"
"MATERNE","MATERNE"
"POM'POTE","POM'POTE"
"VALADE","VALADE"
"SAINT MAME","SAINT MAME"
"ST MAMET","ST MAMET"
"CONFIPOTE","CONFIPOTE"
"APICULTEUR","APICULTEUR"
"LDM","LDM"
"R.PAUMERAI","R.PAUMERAI"
"MAPLE JOE","MAPLE JOE"
"FAUGIER","FAUGIER"
"4 SAISONS","4 SAISONS"
"PINSON","PINSON"
"PAREO","PAREO"
"DOLE","DOLE"
"D","D"
"APTUNION","APTUNION"
"BORDE","BORDE"
"CASSEGRAIN","CASSEGRAIN"
"ROCHEFONT.","ROCHEFONT."
"DAUCY","DAUCY"
"RAYNAL","RAYNAL"
"LE CABANON","LE CABANON"
"CABANON","CABANON"
"ROYAL CHAM","ROYAL CHAM"
"BEAUVAL","BEAUVAL"
"BORDE.","BORDE."
"LES CHAMPI","LES CHAMPI"
"GEANT VERT","GEANT VERT"
"PETIT JEAN","PETIT JEAN"
"CONNETABLE","CONNETABLE"
"PARMENTIER","PARMENTIER"
"TITUS","TITUS"
"FURIC","FURIC"
"CAP DINEC","CAP DINEC"
"NAUTILUS","NAUTILUS"
"GRD JURY","GRD JURY"
"PT NAVIRE","PT NAVIRE"
"KERITI","KERITI"
"PRINCES.","PRINCES."
"PDF","PDF"
"RIBEIRA","RIBEIRA"
"SAVOUREUX","SAVOUREUX"
"CHATKA","CHATKA"
"BALTHOR","BALTHOR"
"AROK","AROK"
"JACQ","JACQ"
"PAY PAY","PAY PAY"
"APERITAPAS","APERITAPAS"
"LES DIEUX","LES DIEUX"
"WILLIAM SA","WILLIAM SA"
"MERE LALIE","MERE LALIE"
"ARNAUD","ARNAUD"
"TABLEGUILL","TABLEGUILL"
"BRUNET","BRUNET"
"AVON&RAGOB","AVON&RAGOB"
"ARNAUD.G.T","ARNAUD.G.T"
"TERRES ROY","TERRES ROY"
"LARNAUDIE","LARNAUDIE"
"CRF CDM","CRF CDM"
"TULIP","TULIP"
"HEREFORD","HEREFORD"
"LA BELLE C","LA BELLE C"
"CHRIST","CHRIST"
"MARMITON","MARMITON"
"PT MARMIT.","PT MARMIT."
"PAUL&LOUIS","PAUL&LOUIS"
"SOULIE","SOULIE"
"BONTOUT","BONTOUT"
"GARBIT","GARBIT"
"BOLINO","BOLINO"
"CUIS.OCEAN","CUIS.OCEAN"
"B.CHAURIEN","B.CHAURIEN"
"BLEDINA","BLEDINA"
"BABYBIO","BABYBIO"
"CRF BABY","CRF BABY"
"HIPP BIO","HIPP BIO"
"GOOD GOUT","GOOD GOUT"
"BLEDINER","BLEDINER"
"HIPP","HIPP"
"GALLIA","GALLIA"
"MILUMEL","MILUMEL"
"GUIGOZ","GUIGOZ"
"MODILAC","MODILAC"
"CANDIA BAB","CANDIA BAB"
"NIDAL","NIDAL"
"LACTALIS","LACTALIS"
"PEDIGREE","PEDIGREE"
"CANIGOU","CANIGOU"
"CESAR","CESAR"
"FIDO","FIDO"
"FRISKIES","FRISKIES"
"BREKKIES","BREKKIES"
"PUR/GOURME","PUR/GOURME"
"GOURMET","GOURMET"
"SHEBA","SHEBA"
"WHISKAS","WHISKAS"
"FELIX","FELIX"
"KITEKAT","KITEKAT"
"PURINA FEL","PURINA FEL"
"ONE","ONE"
"PURINA ONE","PURINA ONE"
"ULTIMA","ULTIMA"
"PURINA","PURINA"
"FROLIC","FROLIC"
"ELWIN 5","ELWIN 5"
"4 PAT","4 PAT"
"TWISTY","TWISTY"
"CATISFA","CATISFA"
"PEPSI","PEPSI"
"COCA COLA","COCA COLA"
"SELECTO","SELECTO"
"BREIZH","BREIZH"
"STEFF","STEFF"
"CHERRY COK","CHERRY COK"
"BURN","BURN"
"LORINA","LORINA"
"SPRITE","SPRITE"
"VAL RANCE","VAL RANCE"
"SEVEN UP","SEVEN UP"
"CANADA DRY","CANADA DRY"
"FANTA","FANTA"
"ORANGINA","ORANGINA"
"MIRINDA","MIRINDA"
"SUMOL","SUMOL"
"KAS","KAS"
"FINLEY","FINLEY"
"SCHWEPPES","SCHWEPPES"
"GINI","GINI"
"RICQLES","RICQLES"
"I.TONIC","I.TONIC"
"COEUR POM","COEUR POM"
"CHAMPOMY","CHAMPOMY"
"STAR WARS","STAR WARS"
"TEISSEIRE","TEISSEIRE"
"TROPICO","TROPICO"
"OCEAN","OCEAN"
"ARIZONA","ARIZONA"
"CAPRI SUN","CAPRI SUN"
"JOKER","JOKER"
"PRESSADE","PRESSADE"
"PAGO","PAGO"
"BON APP","BON APP"
"GRANINI","GRANINI"
"PETIT JULE","PETIT JULE"
"FRUITE","FRUITE"
"PLANET BIO","PLANET BIO"
"PAMPRYL","PAMPRYL"
"FORCE BIO","FORCE BIO"
"VAI VAI","VAI VAI"
"MINUT-MAID","MINUT-MAID"
"REA","REA"
"CARAIBOS","CARAIBOS"
"FRUISS","FRUISS"
"VALDONNE","VALDONNE"
"GIFFARD","GIFFARD"
"MONIN","MONIN"
"S.SPORT","S.SPORT"
"ANTESITE","ANTESITE"
"MONSTER","MONSTER"
"POWERADE","POWERADE"
"CRAZY TIG.","CRAZY TIG."
"GATORADE","GATORADE"
"RED BULL","RED BULL"
"TRUC FOU","TRUC FOU"
"MAD CROC","MAD CROC"
"ANTARTICA","ANTARTICA"
"LIPTON ICE","LIPTON ICE"
"BOSS","BOSS"
"LIPTON.","LIPTON."
"NESTEA","NESTEA"
"MAYTEA","MAYTEA"
"MANGAJO","MANGAJO"
"HERBALIST","HERBALIST"
"LIPTONIC","LIPTONIC"
"CACOLAC","CACOLAC"
"KRONENBOUR","KRONENBOUR"
"S.ARTOIS","S.ARTOIS"
"33 EXPORT","33 EXPORT"
"KANTERBRAU","KANTERBRAU"
"KOENIGSBIE","KOENIGSBIE"
"SAINT OMER","SAINT OMER"
"HEINEKEN","HEINEKEN"
"1664","1664"
"CARLSBERG","CARLSBERG"
"GOLD","GOLD"
"BAVARIA","BAVARIA"
"FISCHER","FISCHER"
"BRUNEHAUT","BRUNEHAUT"
"OKOCIM","OKOCIM"
"KRONENB.PM","KRONENB.PM"
"BUCKLER","BUCKLER"
"BAVARIAWIT","BAVARIAWIT"
"TOURTEL","TOURTEL"
"PANACH'","PANACH'"
"CLOSMESNIL","CLOSMESNIL"
"DUJARDIN","DUJARDIN"
"CIDRE","CIDRE"
"ECUSSON","ECUSSON"
"BAYEUX","BAYEUX"
"L.RAISON","L.RAISON"
"LE BRUN","LE BRUN"
"BIGOUD","BIGOUD"
"C.VAILLANT","C.VAILLANT"
"ADELSCOTT","ADELSCOTT"
"PELFORTH","PELFORTH"
"HOEGAARDEN","HOEGAARDEN"
"BELZEBUTH","BELZEBUTH"
"BIER.DEMON","BIER.DEMON"
"JENLAIN","JENLAIN"
"GRIMBERGEN","GRIMBERGEN"
"GRAIN ORGE","GRAIN ORGE"
"TUBORG","TUBORG"
"JADE","JADE"
"SKOLL","SKOLL"
"CH'TI","CH'TI"
"R.COCHON","R.COCHON"
"3 MONTS","3 MONTS"
"CHOUFFE","CHOUFFE"
"GORDON","GORDON"
"PIETRA","PIETRA"
"SECR.MOINE","SECR.MOINE"
"DUYCK","DUYCK"
"DESPERADOS","DESPERADOS"
"A.LEFFE","A.LEFFE"
"BRITT","BRITT"
"DREMMWEL","DREMMWEL"
"CAVE BIERE","CAVE BIERE"
"BOURBON","BOURBON"
"LA GOUDALE","LA GOUDALE"
"CHIMAY","CHIMAY"
"LANCELOT","LANCELOT"
"COLOMBA","COLOMBA"
"M.SUBITE","M.SUBITE"
"ABBAYE LYS","ABBAYE LYS"
"TONGERLO","TONGERLO"
"AFFLIGEM","AFFLIGEM"
"A.LEFF.BLD","A.LEFF.BLD"
"CORBEAU","CORBEAU"
"T.KARMELIT","T.KARMELIT"
"BIER.ABBAY","BIER.ABBAY"
"WESTMALLE","WESTMALLE"
"ROCHEFORT","ROCHEFORT"
"LA TRAPPE","LA TRAPPE"
"LIEFMANS","LIEFMANS"
"LA BECASSE","LA BECASSE"
"LINDEMANS","LINDEMANS"
"BOUFFONNE","BOUFFONNE"
"KWAK","KWAK"
"CUV.TROLLS","CUV.TROLLS"
"MAREDSOUS","MAREDSOUS"
"KASTEEL","KASTEEL"
"DUVEL","DUVEL"
"BREWDOG","BREWDOG"
"LONDON PRI","LONDON PRI"
"KILLIAN'S","KILLIAN'S"
"GUINNESS","GUINNESS"
"KILKENNY","KILKENNY"
"EKU 28","EKU 28"
"PILSNER","PILSNER"
"GROLSCH PR","GROLSCH PR"
"AMSTERDAM","AMSTERDAM"
"SAN MIGUEL","SAN MIGUEL"
"MORETTI","MORETTI"
"SUPER BOCK","SUPER BOCK"
"BIER.ATLAS","BIER.ATLAS"
"CUBANISTO","CUBANISTO"
"SOMBRERO","SOMBRERO"
"CORONA","CORONA"
"ESTRIBOS","ESTRIBOS"
"BROOKLYN","BROOKLYN"
"BUD","BUD"
"ASAHI","ASAHI"
"TSING TAO","TSING TAO"
"PERONI","PERONI"
"BUDWEISER","BUDWEISER"
"FARO","FARO"
"EDELWEISS","EDELWEISS"
"PAULANER","PAULANER"
"CRISTALINE","CRISTALINE"
"PIERVAL","PIERVAL"
"MT ROUCOUS","MT ROUCOUS"
"OGEU","OGEU"
"STE ALIX","STE ALIX"
"ROSEE DE L","ROSEE DE L"
"VITTEL","VITTEL"
"HEPAR","HEPAR"
"EVIAN","EVIAN"
"CHAUDFONT.","CHAUDFONT."
"CONTREX","CONTREX"
"VOLVIC","VOLVIC"
"MT BLANC","MT BLANC"
"ST ANTONIN","ST ANTONIN"
"COURMAYEUR","COURMAYEUR"
"ST AMAND","ST AMAND"
"WATTWILLER","WATTWILLER"
"PERRIER","PERRIER"
"VICHY CELE","VICHY CELE"
"VERNIERE","VERNIERE"
"S.PELLEGRI","S.PELLEGRI"
"ST YORRE","ST YORRE"
"ROZANA","ROZANA"
"BADOIT RGE","BADOIT RGE"
"SALVETAT","SALVETAT"
"QUEZAC","QUEZAC"
"BADOIT","BADOIT"
"PLANCOET","PLANCOET"
"PELLEGRINO","PELLEGRINO"
"BADOIT VRT","BADOIT VRT"
"VOLVIC FR.","VOLVIC FR."
"AUGUSTIN F","AUGUSTIN F"
"MARQUE PMC","MARQUE PMC"
"SAV.TERROI","SAV.TERROI"
"SANS.","SANS."
"DISCOUNT","DISCOUNT"
"M GOUSTIER","M GOUSTIER"
"CREMANT","CREMANT"
"SS MARQUE.","SS MARQUE."
"N.GUEUSQUI","N.GUEUSQUI"
"N.FEUILLAT","N.FEUILLAT"
"A.ROTHSCHI","A.ROTHSCHI"
"MERCIER","MERCIER"
"JACQUART","JACQUART"
"CANARD DUC","CANARD DUC"
"TSARINE","TSARINE"
"POMMERY","POMMERY"
"C.LAFITTE","C.LAFITTE"
"DE CASTELL","DE CASTELL"
"CAZANOVE","CAZANOVE"
"HEIDSIECK","HEIDSIECK"
"VRANKEN","VRANKEN"
"L.DE RETZ","L.DE RETZ"
"DEMOISELLE","DEMOISELLE"
"L.PERRIER","L.PERRIER"
"MUMM","MUMM"
"LANSON","LANSON"
"VEUVE CLIQ","VEUVE CLIQ"
"MOET & CHA","MOET & CHA"
"TAITTINGER","TAITTINGER"
"CHANOINE","CHANOINE"
"P.HEIDSIEC","P.HEIDSIEC"
"KRUG","KRUG"
"VEUVE AMIO","VEUVE AMIO"
"ACKERMAN","ACKERMAN"
"BLC.FOUSSY","BLC.FOUSSY"
"B.LADUBAY","B.LADUBAY"
"JAILLANCE","JAILLANCE"
"WOLFBERGER","WOLFBERGER"
"A.METZ","A.METZ"
"VVE AMBAL","VVE AMBAL"
"LACHETEAU","LACHETEAU"
"CH.VOLNER","CH.VOLNER"
"S.BEAUPRE","S.BEAUPRE"
"OPERA","OPERA"
"CAFE PARIS","CAFE PARIS"
"KRITER","KRITER"
"KIEFFER","KIEFFER"
"C.VOLNER","C.VOLNER"
"PAUL BUR","PAUL BUR"
"V.ARGENT","V.ARGENT"
"POL REMY","POL REMY"
"MUSCADOR","MUSCADOR"
"D'ARTIGNY","D'ARTIGNY"
"LISTEL","LISTEL"
"L.LAGOUTE","L.LAGOUTE"
"FREIXENET","FREIXENET"
"S.GIUSEPPE","S.GIUSEPPE"
"MARTINI","MARTINI"
"RICARD","RICARD"
"PASTIS 51","PASTIS 51"
"DUVAL","DUVAL"
"CASANIS","CASANIS"
"PERNOD","PERNOD"
"BERGER","BERGER"
"LIMINANA","LIMINANA"
"FLORANIS","FLORANIS"
"TSANTALI","TSANTALI"
"H.BARDOUIN","H.BARDOUIN"
"ABSENTE","ABSENTE"
"PACIFIC","PACIFIC"
"BLANCART","BLANCART"
"51 GLACIAL","51 GLACIAL"
"VABE","VABE"
"RAPHA","RAPHA"
"OLYMPIO","OLYMPIO"
"B.DE VENIS","B.DE VENIS"
"FRONTIGNAN","FRONTIGNAN"
"VALAURIA","VALAURIA"
"DAURE","DAURE"
"LILLET","LILLET"
"MARTINI R","MARTINI R"
"AMBASSADEU","AMBASSADEU"
"ST RAPHAEL","ST RAPHAEL"
"CINZANO","CINZANO"
"MARTINI BI","MARTINI BI"
"MARTINI RO","MARTINI RO"
"NOILLY PRA","NOILLY PRA"
"GANCIA","GANCIA"
"M.DE FRUTO","M.DE FRUTO"
"PALERMO","PALERMO"
"BYRRH","BYRRH"
"CRUZ","CRUZ"
"PITTERS","PITTERS"
"SANDEMAN","SANDEMAN"
"WESTPORT","WESTPORT"
"CHERRY ROC","CHERRY ROC"
"FEYNARD","FEYNARD"
"BREAVOINE","BREAVOINE"
"ANEE","ANEE"
"BUSNEL","BUSNEL"
"WARENGHEIM","WARENGHEIM"
"FERNET BRA","FERNET BRA"
"PICON","PICON"
"ANGOSTURA","ANGOSTURA"
"APEROL","APEROL"
"CAMPARI","CAMPARI"
"SUZE","SUZE"
"AVEZE","AVEZE"
"VENEZZIO","VENEZZIO"
"CLEMENT","CLEMENT"
"OLD NICK","OLD NICK"
"DORMOY","DORMOY"
"W.PITTERS.","W.PITTERS."
"POLIAKOV","POLIAKOV"
"PITTERSON","PITTERSON"
"SAN JOSE","SAN JOSE"
"M.COCKTAIL","M.COCKTAIL"
"GORDON'S","GORDON'S"
"ST JAMES","ST JAMES"
"CANADOU","CANADOU"
"CHARRETTE","CHARRETTE"
"DILLON","DILLON"
"MONTESQUIO","MONTESQUIO"
"SEMPE","SEMPE"
"ST MERAC","ST MERAC"
"J.GAUTRET","J.GAUTRET"
"BISQUIT","BISQUIT"
"R.MARTIN","R.MARTIN"
"BERTRAND.","BERTRAND."
"HENNESSY","HENNESSY"
"PERE MAGLO","PERE MAGLO"
"BEAUJOUR","BEAUJOUR"
"CIGOGNE","CIGOGNE"
"BOUKHA","BOUKHA"
"VEDRENNE","VEDRENNE"
"HERITIER G","HERITIER G"
"ARMADIS","ARMADIS"
"PISANG AMB","PISANG AMB"
"KAHLUA","KAHLUA"
"GOLDWASSER","GOLDWASSER"
"MALIBU","MALIBU"
"ALCOOLS","ALCOOLS"
"LUXARDO","LUXARDO"
"PASSOA","PASSOA"
"SOHO","SOHO"
"BACARDI","BACARDI"
"MINT'S","MINT'S"
"BAILEYS","BAILEYS"
"MARIE BRIZ","MARIE BRIZ"
"JAGERMEIST","JAGERMEIST"
"JANOT","JANOT"
"GET 27","GET 27"
"COINTREAU","COINTREAU"
"BENEDICTIN","BENEDICTIN"
"G.MARNIER","G.MARNIER"
"PAGES","PAGES"
"CHARTREUSE","CHARTREUSE"
"GET 31","GET 31"
"NEGRITA","NEGRITA"
"HAVANA CLU","HAVANA CLU"
"3 RIVIERES","3 RIVIERES"
"DAMOISEAU","DAMOISEAU"
"DIPLOMATIC","DIPLOMATIC"
"LA MAUNY","LA MAUNY"
"ISAUTIER","ISAUTIER"
"BOLOGNE","BOLOGNE"
"NEISSON","NEISSON"
"C.CHAUFFE","C.CHAUFFE"
"CAP.MORGAN","CAP.MORGAN"
"LARIOS","LARIOS"
"GIBSON'S","GIBSON'S"
"BEEFEATER","BEEFEATER"
"BOMBAY","BOMBAY"
"TANQUERAY","TANQUERAY"
"OLD LADY'S","OLD LADY'S"
"SOBIESKI","SOBIESKI"
"ORLOFF","ORLOFF"
"SMIRNOFF","SMIRNOFF"
"VIKOROFF","VIKOROFF"
"ABSOLUT","ABSOLUT"
"ERISTOFF","ERISTOFF"
"GREY GOOSE","GREY GOOSE"
"WYBOROWA","WYBOROWA"
"ZUBROWKA","ZUBROWKA"
"BELVEDERE","BELVEDERE"
"STOLICHNAY","STOLICHNAY"
"RUSSIAN","RUSSIAN"
"TISCAZ","TISCAZ"
"JOSE CUERV","JOSE CUERV"
"DON ANGEL","DON ANGEL"
"CAMINO REA","CAMINO REA"
"SAUZA","SAUZA"
"AGUACANA","AGUACANA"
"JANEIRO","JANEIRO"
"THOQUINO","THOQUINO"
"W.PEEL","W.PEEL"
"J & B","J & B"
"LABEL 5","LABEL 5"
"BALLANTINE","BALLANTINE"
"SIR EDWARD","SIR EDWARD"
"GRANT'S","GRANT'S"
"THE FAMOUS","THE FAMOUS"
"W.LAWSON'S","W.LAWSON'S"
"JB","JB"
"D.MENHIR","D.MENHIR"
"WESTERLY","WESTERLY"
"CLAN CAMPB","CLAN CAMPB"
"J.WALKER","J.WALKER"
"LONG JOHN","LONG JOHN"
"LOCH CASTL","LOCH CASTL"
"CHIVAS","CHIVAS"
"DIMPLE","DIMPLE"
"GOLD RIVER","GOLD RIVER"
"GLEN ROGER","GLEN ROGER"
"JURA","JURA"
"GLENFIDDIC","GLENFIDDIC"
"M.SHOULDER","M.SHOULDER"
"KNOCKANDO","KNOCKANDO"
"CARDHU","CARDHU"
"SINGLETON","SINGLETON"
"GLEN GRANT","GLEN GRANT"
"TORMORE","TORMORE"
"HIGHLAND","HIGHLAND"
"SCAPA","SCAPA"
"BALVENIE","BALVENIE"
"GLENLIVET","GLENLIVET"
"CAOL ILA","CAOL ILA"
"TALISKER","TALISKER"
"ABERLOUR","ABERLOUR"
"DALWHINNIE","DALWHINNIE"
"GLENMORANG","GLENMORANG"
"STRATHISLA","STRATHISLA"
"GLEN TURNE","GLEN TURNE"
"LAPHROAIG","LAPHROAIG"
"G.DEVERON","G.DEVERON"
"OBAN","OBAN"
"NIKKA","NIKKA"
"ABERFELDY","ABERFELDY"
"LAGAVULIN","LAGAVULIN"
"BOWMORE","BOWMORE"
"JAMESON","JAMESON"
"PADDY","PADDY"
"TULLAMORE","TULLAMORE"
"KILBEGGAN","KILBEGGAN"
"BUSHMILLS","BUSHMILLS"
"FOUR ROSES","FOUR ROSES"
"OLD VIRGIN","OLD VIRGIN"
"JIM BEAM","JIM BEAM"
"J.DANIELS","J.DANIELS"
"QUARTER HO","QUARTER HO"
"SAM BARTON","SAM BARTON"
"CROWN ROYA","CROWN ROYA"
"COURCEL","COURCEL"
"ST VIVANT","ST VIVANT"
"SYLVAIN","SYLVAIN"
"LA MARTINI","LA MARTINI"
"RAVEL","RAVEL"
"WEISMULLER","WEISMULLER"
"VASCO","VASCO"
"PERSIL","PERSIL"
"ARIEL","ARIEL"
"SKIP","SKIP"
"XTRA","XTRA"
"LE CHAT","LE CHAT"
"DASH","DASH"
"OMO","OMO"
"GENIE","GENIE"
"GAMA","GAMA"
"SUPERCROIX","SUPERCROIX"
"SANYTOL","SANYTOL"
"MIR COULEU","MIR COULEU"
"ARBRE VERT","ARBRE VERT"
"CRF ECOPLA","CRF ECOPLA"
"MAISON VER","MAISON VER"
"WYRITOL","WYRITOL"
"WOOLITE","WOOLITE"
"MIR LAINE","MIR LAINE"
"SOUPLINE","SOUPLINE"
"MIR","MIR"
"MIR BLACK","MIR BLACK"
"BRIOCHIN","BRIOCHIN"
"PERSAVON","PERSAVON"
"CAJOLINE","CAJOLINE"
"LENOR","LENOR"
"EAU ECARLA","EAU ECARLA"
"K2R","K2R"
"FEBREZE","FEBREZE"
"SCOTCH-BRI","SCOTCH-BRI"
"IBA","IBA"
"VANISH","VANISH"
"ACE","ACE"
"DR BECKMAN","DR BECKMAN"
"IDEAL","IDEAL"
"COLORIA","COLORIA"
"FABULON","FABULON"
"PAIC","PAIC"
"MIR VAISSE","MIR VAISSE"
"PALMOLIVE","PALMOLIVE"
"RAINETT","RAINETT"
"ST MARC","ST MARC"
"MINI MIR","MINI MIR"
"METHOD","METHOD"
"SOLIPRO","SOLIPRO"
"JEX","JEX"
"EXPERT","EXPERT"
"SOLIVAISSE","SOLIVAISSE"
"JEX PROFES","JEX PROFES"
"FINISH","FINISH"
"BECHER","BECHER"
"CAR HOME","CAR HOME"
"VERECLAT","VERECLAT"
"PREP.","PREP."
"SUN PRO","SUN PRO"
"CROC'ODOR","CROC'ODOR"
"AJAX","AJAX"
"CIF","CIF"
"MR PROPRE","MR PROPRE"
"CIF PRO","CIF PRO"
"CAROLIN","CAROLIN"
"VIGOR","VIGOR"
"CILLIT","CILLIT"
"LACROIX","LACROIX"
"DETTOL","DETTOL"
"SWIFFER","SWIFFER"
"ANTIKAL","ANTIKAL"
"CHANTECLAI","CHANTECLAI"
"DR.BECHER","DR.BECHER"
"SOLIGERM","SOLIGERM"
"DEGRAISNET","DEGRAISNET"
"SOLICUISIN","SOLICUISIN"
"SOLIPROPRE","SOLIPROPRE"
"SOLIJAVEL","SOLIJAVEL"
"ALTOR","ALTOR"
"SOL'NET","SOL'NET"
"SPADO","SPADO"
"O'CEDAR","O'CEDAR"
"GLANZER","GLANZER"
"MAITRE SDM","MAITRE SDM"
"TEEPOL","TEEPOL"
"MIR MOQUET","MIR MOQUET"
"WC NET","WC NET"
"CANARD","CANARD"
"HARPIC","HARPIC"
"BREF WC","BREF WC"
"DOMESTOS","DOMESTOS"
"CLARCYL","CLARCYL"
"TARAX","TARAX"
"EPARCYL","EPARCYL"
"TOPSOL","TOPSOL"
"GLASSEX","GLASSEX"
"PLIZ","PLIZ"
"DECAP FOUR","DECAP FOUR"
"SOLIFOUR","SOLIFOUR"
"MIROR","MIROR"
"VITROCLEN","VITROCLEN"
"SOLI-INOX","SOLI-INOX"
"COUVER'NET","COUVER'NET"
"DESTOP","DESTOP"
"WK","WK"
"AXAL","AXAL"
"CALGON","CALGON"
"OURAGAN","OURAGAN"
"BRISE","BRISE"
"GLADE","GLADE"
"AIR WICK","AIR WICK"
"BOLDAIR","BOLDAIR"
"AURA","AURA"
"COCO FRIGO","COCO FRIGO"
"ZENSECT","ZENSECT"
"STOP","STOP"
"CATCH","CATCH"
"RAID","RAID"
"FURY","FURY"
"BAYGON","BAYGON"
"VITOMIT","VITOMIT"
"FULGATOR","FULGATOR"
"PYREL","PYREL"
"BARANNE","BARANNE"
"TAKIPACK","TAKIPACK"
"HUHTAMAKI","HUHTAMAKI"
"MOULIPACK","MOULIPACK"
"TUSIPACK","TUSIPACK"
"ALPHACID","ALPHACID"
"ALPHATOP","ALPHATOP"
"DELIPACK","DELIPACK"
"OCTOPACK","OCTOPACK"
"ALBAL","ALBAL"
"SCEL O'FRA","SCEL O'FRA"
"HANDY BAG","HANDY BAG"
"TOP BAG","TOP BAG"
"SUPRA SAC","SUPRA SAC"
"SPONTEX","SPONTEX"
"NO BRANDS","NO BRANDS"
"BIC","BIC"
"HARRIS","HARRIS"
"ZIP","ZIP"
"MOLTONEL","MOLTONEL"
"FESS'NET","FESS'NET"
"OKAY","OKAY"
"TORK","TORK"
"SOPALIN","SOPALIN"
"KLEENEX","KLEENEX"
"DEMAK'UP","DEMAK'UP"
"PAMPERS","PAMPERS"
"HUGGIES","HUGGIES"
"NANA","NANA"
"VANIA","VANIA"
"ALWAYS","ALWAYS"
"NETT","NETT"
"TAMPAX","TAMPAX"
"TENA","TENA"
"LOVE&GREEN","LOVE&GREEN"
"GDJU PARF","GDJU PARF"
"BIEN ETRE","BIEN ETRE"
"MONT ST M.","MONT ST M."
"EAU JEUNE","EAU JEUNE"
"REPLAY","REPLAY"
"L.DUMONT","L.DUMONT"
"FRUI/FLEUR","FRUI/FLEUR"
"CLIN OEIL","CLIN OEIL"
"VANDERBILT","VANDERBILT"
"S.ZAITSEV","S.ZAITSEV"
"C.ARBEL","C.ARBEL"
"J.ARTHES","J.ARTHES"
"ULR.VARENS","ULR.VARENS"
"LCS EXCLUS","LCS EXCLUS"
"HECHTER","HECHTER"
"H/HOMME","H/HOMME"
"BRUT","BRUT"
"AXE","AXE"
"BOURJOIS","BOURJOIS"
"SCORPIO","SCORPIO"
"ADIDAS","ADIDAS"
"CADUM","CADUM"
"MONSAVON","MONSAVON"
"LE PT OLIV","LE PT OLIV"
"LE PT MARS","LE PT MARS"
"LCS NECTAR","LCS NECTAR"
"DOVE","DOVE"
"DIADERMINE","DIADERMINE"
"VENDOME","VENDOME"
"LE NATUREL","LE NATUREL"
"LCS NECT","LCS NECT"
"SAVONA","SAVONA"
"ENERGIE FR","ENERGIE FR"
"ATOS","ATOS"
"C.FARME","C.FARME"
"SANEX","SANEX"
"TAHITI","TAHITI"
"USHUAIA","USHUAIA"
"ULTRA DOUX","ULTRA DOUX"
"NIVEA","NIVEA"
"DOP","DOP"
"MIXA","MIXA"
"PLAYBOY","PLAYBOY"
"MEN EXPERT","MEN EXPERT"
"WILLIAMS","WILLIAMS"
"LCS","LCS"
"VEET","VEET"
"REXONA","REXONA"
"NARTA","NARTA"
"MENNEN","MENNEN"
"LCS MEN","LCS MEN"
"SIGNAL","SIGNAL"
"FLUORYL","FLUORYL"
"SENSODYNE","SENSODYNE"
"AQUAFRESH","AQUAFRESH"
"ORAL B","ORAL B"
"VADEMECUM","VADEMECUM"
"SANOGYL","SANOGYL"
"ZENDIUM","ZENDIUM"
"DENIVIT","DENIVIT"
"EMAIL DIAM","EMAIL DIAM"
"TERAXYL","TERAXYL"
"LISTERINE","LISTERINE"
"POPSY","POPSY"
"EFISEPTYL","EFISEPTYL"
"POLIDENT","POLIDENT"
"STERADENT","STERADENT"
"FIXODENT","FIXODENT"
"OLIVAFIX","OLIVAFIX"
"FRESCORYL","FRESCORYL"
"FUSION","FUSION"
"GILLETTE","GILLETTE"
"F.PROGLIDE","F.PROGLIDE"
"WILKINSON","WILKINSON"
"PHILIPS","PHILIPS"
"VENUS","VENUS"
"COSMETIQUE","COSMETIQUE"
"SAVANE","SAVANE"
"DERMO EXP.","DERMO EXP."
"B.GOULD","B.GOULD"
"SKIN NATUR","SKIN NATUR"
"GEMEY","GEMEY"
"SO'BIO ETI","SO'BIO ETI"
"LENART","LENART"
"NEUTROGENA","NEUTROGENA"
"LCS LUMINI","LCS LUMINI"
"LCS ULT","LCS ULT"
"COPAR","COPAR"
"LABELLO","LABELLO"
"DERMOPHIL","DERMOPHIL"
"GARNIER","GARNIER"
"BIOLANE","BIOLANE"
"NAIR","NAIR"
"BLONDEPIL","BLONDEPIL"
"LINEANCE","LINEANCE"
"LCS LIPO","LCS LIPO"
"LCS PRO","LCS PRO"
"L'OREAL","L'OREAL"
"MAYBELLINE","MAYBELLINE"
"MIXABEBE","MIXABEBE"
"POUPINA","POUPINA"
"PITCHOUNE","PITCHOUNE"
"MERCUROCHR","MERCUROCHR"
"KANDOO","KANDOO"
"A.SOLAIRE","A.SOLAIRE"
"SOLEIL ILE","SOLEIL ILE"
"ELNETT","ELNETT"
"DESSANGE","DESSANGE"
"CADONETT","CADONETT"
"TIMOTEI","TIMOTEI"
"ALLURELLE","ALLURELLE"
"F.PROVOST","F.PROVOST"
"SYOSS","SYOSS"
"LCS KERASC","LCS KERASC"
"TAFT","TAFT"
"STUDIO LIN","STUDIO LIN"
"FRUCT.STYL","FRUCT.STYL"
"VVLE DOP","VVLE DOP"
"STYL.ULTIM","STYL.ULTIM"
"J.DESSANGE","J.DESSANGE"
"JL DAVID","JL DAVID"
"LCS SC","LCS SC"
"ROJAFLOR","ROJAFLOR"
"PENTO","PENTO"
"ACTIVILONG","ACTIVILONG"
"BIORENE","BIORENE"
"NATURE MOI","NATURE MOI"
"FRUCTIS","FRUCTIS"
"H&S","H&S"
"ELSEVE","ELSEVE"
"J.FRIEDA","J.FRIEDA"
"GLISS","GLISS"
"ESS.ULTIM.","ESS.ULTIM."
"H.EXPERTIS","H.EXPERTIS"
"PETROLE HA","PETROLE HA"
"BATISTE","BATISTE"
"PALMER'S","PALMER'S"
"LOVEA","LOVEA"
"DARK&LOVEL","DARK&LOVEL"
"LAURA SIMS","LAURA SIMS"
"D.&LOVELY","D.&LOVELY"
"BELLE COLO","BELLE COLO"
"PREFERENCE","PREFERENCE"
"EXCELLENCE","EXCELLENCE"
"EUGENE COL","EUGENE COL"
"KERANOVE","KERANOVE"
"SOYANCE","SOYANCE"
"BRILLANCE","BRILLANCE"
"DEDICACE","DEDICACE"
"100% COLOR","100% COLOR"
"100 COLOR","100 COLOR"
"MAGIC RETO","MAGIC RETO"
"CASTING","CASTING"
"MOVIDA","MOVIDA"
"OLIA","OLIA"
"NORDIC COL","NORDIC COL"
"PROGRESS H","PROGRESS H"
"PERMIFIQUE","PERMIFIQUE"
"ROJAPLIS","ROJAPLIS"
"BEL ARGENT","BEL ARGENT"
"PERFECT MO","PERFECT MO"
"PRODIGY","PRODIGY"
"NECTRA COL","NECTRA COL"
"PALETTE","PALETTE"
"KERATIN CO","KERATIN CO"
"HANSAPLAST","HANSAPLAST"
"OSCAR DEHN","OSCAR DEHN"
"MARIE ROSE","MARIE ROSE"
"MANIX","MANIX"
"DUREX","DUREX"
"INTIMY","INTIMY"
"QUIES","QUIES"
"SCHOLL","SCHOLL"
"PRESERVEX","PRESERVEX"
"INTIMA","INTIMA"
"FEMFRESH","FEMFRESH"
"VU","VU"
"JUVASANTE","JUVASANTE"
"LABO MROSE","LABO MROSE"
"ECONOMAT","ECONOMAT"
"STA CONCEP","STA CONCEP"
"SMARTWARES","SMARTWARES"
"ENERGIZER","ENERGIZER"
"NAP","NAP"
"ARAVEN","ARAVEN"
"FACKELMANN","FACKELMANN"
"MAPA","MAPA"
"LUMINARC","LUMINARC"
"OXO","OXO"
"GAM","GAM"
"CRF HOME","CRF HOME"
"ART CUISIN","ART CUISIN"
"MELITTA","MELITTA"
"CILIA","CILIA"
"DEVINEAU","DEVINEAU"
"ALPHACEL","ALPHACEL"
"ALFAPAC","ALFAPAC"
"MATFER","MATFER"
"TONTARELLI","TONTARELLI"
"LE PARFAIT","LE PARFAIT"
"PRESTIPACK","PRESTIPACK"
"CRUDIPACK","CRUDIPACK"
"QUADRIPACK","QUADRIPACK"
"SERVIPACK","SERVIPACK"
"BIOWARE","BIOWARE"
"FLO","FLO"
"CGMP","CGMP"
"POLARITY","POLARITY"
"RONDOPACK","RONDOPACK"
"MIGNARDISE","MIGNARDISE"
"FESTIPACK","FESTIPACK"
"FLY","FLY"
"CHINET","CHINET"
"SEKIPACK","SEKIPACK"
"JVD","JVD"
"GPV","GPV"
"STABILO","STABILO"
"SCOTCH","SCOTCH"
"3M","3M"
"POST IT","POST IT"
"SOLVEIG","SOLVEIG"
"SIGN","SIGN"
"ACTIFEU","ACTIFEU"
"FLOVAL","FLOVAL"
"DIVERS","DIVERS"
"CARREF ECO","CARREF ECO"
"CATSAN","CATSAN"
"SANICAT","SANICAT"
"CAT' BEST","CAT' BEST"
"VITAKRAFT","VITAKRAFT"
"NULLODOR","NULLODOR"
"MASTER CAT","MASTER CAT"
"DR FISCHER","DR FISCHER"
"PTX","PTX"
"MIEUXA","MIEUXA"
"AUTOPRATIC","AUTOPRATIC"
"COOL","COOL"
"SPAAS","SPAAS"
"MOULINEX","MOULINEX"
"ROWENTA","ROWENTA"
"GLAM.PARIS","GLAM.PARIS"
"MOULIN","MOULIN"
"NORTENE","NORTENE"
"CLAIROR","CLAIROR"
"LCS HYDRA","LCS HYDRA"
"AIME","AIME"
"SAV.FOREST","SAV.FOREST"
"TEX","TEX"
"ARC DISTRI","ARC DISTRI"
"ESCAZOU","ESCAZOU"
"ROLPH","ROLPH"
"TOP PRIX","TOP PRIX"
"MAPED","MAPED"
"R.D'ARGENT","R.D'ARGENT"
"GERMAIN","GERMAIN"
"VARTA","VARTA"
"VOUVRAY","VOUVRAY"
"VILEDA","VILEDA"
"TEX BABY","TEX BABY"
"KIWI","KIWI"
"BEBE CONF","BEBE CONF"
"SUCRE ORGE","SUCRE ORGE"
"TIGEX","TIGEX"
"SUPER GLUE","SUPER GLUE"
"TREFILACTI","TREFILACTI"
"HUTCHINSON","HUTCHINSON"
"H.G","H.G"
"WELL","WELL"
"BOISSERIE","BOISSERIE"
"JOULUPUKKI","JOULUPUKKI"
"ELPOZO","ELPOZO"
"SHARWOOD'S","SHARWOOD'S"
"MDD CARREF","MDD CARREF"
"DIM","DIM"
"BRITA","BRITA"
"TG CHEF","TG CHEF"
"SAUMUR","SAUMUR"
"VILLANI","VILLANI"
"PAP POITOU","PAP POITOU"
"LA MENAGER","LA MENAGER"
"NUK","NUK"
"LANDES","LANDES"
"PATTEX","PATTEX"
"VIA ANTICA","VIA ANTICA"
"MONT ARREE","MONT ARREE"
"PULCO BAFP","PULCO BAFP"
"NOUNOURS","NOUNOURS"
"L'APERITIF","L'APERITIF"
"KB","KB"
"ELVE","ELVE"
"CANSON","CANSON"
"BECUP","BECUP"
"CRF DISC","CRF DISC"
"WATERMAN","WATERMAN"
"PAPER MATE","PAPER MATE"
"BI-TOUCH","BI-TOUCH"
"BARRIELLE","BARRIELLE"
"PRIMA","PRIMA"
"STOP INSEC","STOP INSEC"
"DUHALLE","DUHALLE"
"SADER","SADER"
"KODAK","KODAK"
"PILOT","PILOT"
"COREFF","COREFF"
"FA","FA"
"TETRA","TETRA"
"ATOUT","ATOUT"
"GEORGELIN","GEORGELIN"
"PLASTO","PLASTO"
"RHODIA","RHODIA"
"QUID","QUID"
"SANDISK","SANDISK"
"GREENS","GREENS"
"UHU","UHU"
"SIRACUSE","SIRACUSE"
"VALBLAN","VALBLAN"
"LA FAVORIT","LA FAVORIT"
"AUTOUR LIS","AUTOUR LIS"
"RUINART","RUINART"
"ARBRE MAGI","ARBRE MAGI"
"RUBSON","RUBSON"
"TEX SPORT","TEX SPORT"
"OXFORD","OXFORD"
"LA MENAGE","LA MENAGE"
"VILLENEUVE","VILLENEUVE"
"VULLI","VULLI"
"WD40","WD40"
"LANDES.","LANDES."
"ETCHEA","ETCHEA"
"BJ","BJ"
"LOGITECH","LOGITECH"
"BAUMALU","BAUMALU"
"NORMANDE","NORMANDE"
"PAPERMATE","PAPERMATE"
"ERISTOFF.R","ERISTOFF.R"
"ERISTOFF.B","ERISTOFF.B"
"WATTANDCO","WATTANDCO"
"HAWAIIAN","HAWAIIAN"
"WYNN S","WYNN S"
"DURACELL","DURACELL"
"DELYS BY C","DELYS BY C"
"FIRST ALER","FIRST ALER"
"VIROJANGLO","VIROJANGLO"
"JVC","JVC"
"BLUESKY","BLUESKY"
"CARREFOUR BIO","CARREFOUR BIO"
"CITOYENS DU MONDE","CITOYENS DU MONDE"
"MATIN LEGER","MATIN LEGER"
"SILHOUETTE","SILHOUETTE"
"ALPRO","ALPRO"
"CACAO BARRY","CACAO BARRY"
"DAUJAS JEAN","DAUJAS JEAN"
"UNITED BAKE","UNITED BAKE"
"BONNE MAMAN","BONNE MAMAN"
"SIMOS MEDITERRANEAN","SIMOS MEDITERRANEAN"
"REFLETS DE France","REFLETS DE France"
"LES GAVOTTES","LES GAVOTTES"
"STER","STER"
"CARREFOUR KIDS","CARREFOUR KIDS"
"ARMOR DELICES","ARMOR DELICES"
"LULU OURSON","LULU OURSON"
"SAINT MICHEL","SAINT MICHEL"
"TERRE Italie","TERRE Italie"
"BISCUITERIE DE L'ABBAYE","BISCUITERIE DE L'ABBAYE"
"BISCUITERIE DU COTENTIN","BISCUITERIE DU COTENTIN"
"KELLOGG'S","KELLOGG'S"
"MERE POULARD","MERE POULARD"
"MICHEL & AUGUSTIN","MICHEL & AUGUSTIN"
"MONDELEZ FR","MONDELEZ FR"
"PETIT BRUN","PETIT BRUN"
"PETITS AMOURS","PETITS AMOURS"
"ROUGER PRODUCTION","ROUGER PRODUCTION"
"SAINT AUBERT","SAINT AUBERT"
"CARREFOUR SELECTION","CARREFOUR SELECTION"
"DELICHOC","DELICHOC"
"J. DESTROOPER","J. DESTROOPER"
"M&M'S","M&M'S"
"PETIT ECOLIER","PETIT ECOLIER"
"GOURMANDES ","GOURMANDES "
"MICHEL&AUGUSTIN","MICHEL&AUGUSTIN"
"TRIOMPHE SN","TRIOMPHE SN"
"JEAN DUCOURTIEUX","JEAN DUCOURTIEUX"
"MANOIR DES ","MANOIR DES "
"CARREFOUR LIGHT","CARREFOUR LIGHT"
"MONSTER MUNCH","MONSTER MUNCH"
"PEPSICO FRA","PEPSICO FRA"
"GRAND JURY EQUILIBRE","GRAND JURY EQUILIBRE"
"BLUE DIAMOND","BLUE DIAMOND"
"FRIT RAVICH","FRIT RAVICH"
"GRAND JURY BIO","GRAND JURY BIO"
"GRAND JURY EQUITABLE","GRAND JURY EQUITABLE"
"BROCELIANDE","BROCELIANDE"
"CARTE NOIRE","CARTE NOIRE"
"HAVRE DE GRACE","HAVRE DE GRACE"
"JACOBS DOUW","JACOBS DOUW"
"JACQUES VABRE","JACQUES VABRE"
"JDE TRADING","JDE TRADING"
"MAISON DU CAFE","MAISON DU CAFE"
"VELOURS NOIR","VELOURS NOIR"
"MAXWELL HOUSE","MAXWELL HOUSE"
"CARREFOUR AGIR","CARREFOUR AGIR"
"GRAND COMPTOIR","GRAND COMPTOIR"
"LA TISANIERE","LA TISANIERE"
"LA PIE QUI CHANTE","LA PIE QUI CHANTE"
"ATELIER D'ETRAN","ATELIER D'ETRAN"
"DUPONT D'ISIGNY","DUPONT D'ISIGNY"
"LASSOS","LASSOS"
"PASTILLE VICHY","PASTILLE VICHY"
"BRABO France","BRABO France"
"GOM'S","GOM'S"
"LA VOSGIENNE","LA VOSGIENNE"
"BRABO","BRABO"
"CHUPA CHUPS","CHUPA CHUPS"
"MAM.MAGIC POP","MAM.MAGIC POP"
"SOLINEST","SOLINEST"
"CARREFOUR DISCOUNT","CARREFOUR DISCOUNT"
"KIT KAT","KIT KAT"
"CHEVALIER ARGOUGES","CHEVALIER ARGOUGES"
"AFTER EIGHT","AFTER EIGHT"
"CELEBRATION","CELEBRATION"
"FERRERO France","FERRERO France"
"QUALITY STREET","QUALITY STREET"
"CONDIFA","CONDIFA"
"COULEUR QUEBEC","COULEUR QUEBEC"
"FRUITS DELICE","FRUITS DELICE"
"GASCOGNE INVEST.","GASCOGNE INVEST."
"NOIX GAILLARD","NOIX GAILLARD"
"FRUIT RAVICH","FRUIT RAVICH"
"MAITRE PATISSIER","MAITRE PATISSIER"
"SAINT LOUIS","SAINT LOUIS"
"TEREOS SUCRES","TEREOS SUCRES"
"HERMES GINKO","HERMES GINKO"
"SUNNY DELIGHT","SUNNY DELIGHT"
"BIOTHENTIC","BIOTHENTIC"
"JARDIN BIOLOGIQUE","JARDIN BIOLOGIQUE"
"TERRES&CEREALES","TERRES&CEREALES"
"AMY S KITCHEN","AMY S KITCHEN"
"BONJOUR CAMPAGNE","BONJOUR CAMPAGNE"
"CERECO ","CERECO "
"CHARLES VIGNON","CHARLES VIGNON"
"CLIPPER","CLIPPER"
"MON FOURNIL","MON FOURNIL"
"NATURENVIE","NATURENVIE"
"PAULS","PAULS"
"UN AIR D'ICI","UN AIR D'ICI"
"CARREFOUR NUTRITION","CARREFOUR NUTRITION"
"FLORESSANCE","FLORESSANCE"
"JUVAFLORINE","JUVAFLORINE"
"MERCUROCHROME","MERCUROCHROME"
"CONFITURES DE PROVENCE","CONFITURES DE PROVENCE"
"MIEL BESACIER","MIEL BESACIER"
"CARREFOUR EXOTIQUE","CARREFOUR EXOTIQUE"
"Marque Distributeur","Marque Distributeur"
"AMBROSIA","AMBROSIA"
"BIRDS","BIRDS"
"BLUE DRAGON","BLUE DRAGON"
"BON APPETIT","BON APPETIT"
"CAP 2000 SA","CAP 2000 SA"
"CHAINKWO","CHAINKWO"
"CHALEURS CREOLES","CHALEURS CREOLES"
"CHIRAG","CHIRAG"
"COLMAN'S","COLMAN'S"
"CREOLES FOOD","CREOLES FOOD"
"DAME BESSON","DAME BESSON"
"EPIDIS","EPIDIS"
"ERIDAN","ERIDAN"
"GENERAL MIL","GENERAL MIL"
"GULLON","GULLON"
"HARTLEYS","HARTLEYS"
"HOVIS","HOVIS"
"ITAL PASSIO","ITAL PASSIO"
"KOOZ","KOOZ"
"LA PASTILLA","LA PASTILLA"
"MAXI SEC","MAXI SEC"
"MEDIASCORE","MEDIASCORE"
"OCEAN SPRAY","OCEAN SPRAY"
"OLD EL PASO","OLD EL PASO"
"P.NOSARI","P.NOSARI"
"PARAMPARA","PARAMPARA"
"PLAZA DEL SOL","PLAZA DEL SOL"
"ROYAL UMBREL","ROYAL UMBREL"
"SUZIWAN","SUZIWAN"
"THAI KITCHEN","THAI KITCHEN"
"TOCO","TOCO"
"UNCLE BEN'S","UNCLE BEN'S"
"FERME DU MESNIL","FERME DU MESNIL"
"CUR DE BLE","CUR DE BLE"
"MOULIN DE France","MOULIN DE France"
"EPI CHEF","EPI CHEF"
"GRANDS MOULINS PARIS","GRANDS MOULINS PARIS"
"MOLINI PIVE","MOLINI PIVE"
"MOLINO","MOLINO"
"ALPINA SAVOIE","ALPINA SAVOIE"
"PETIT NAVIRE","PETIT NAVIRE"
"VIVIEN PAILLE","VIVIEN PAILLE"
"SOUBRY J.SA","SOUBRY J.SA"
"RIVOIRE & CARRET","RIVOIRE & CARRET"
"GEORGELIN CONFISERIE","GEORGELIN CONFISERIE"
"TAUREAU AILE","TAUREAU AILE"
"LA POTAGERE","LA POTAGERE"
"POTAGE BIO","POTAGE BIO"
"CLASSIC FOODS","CLASSIC FOODS"
"DELECTABLE","DELECTABLE"
"JARDIN ORANTE","JARDIN ORANTE"
"LA CIOTAT","LA CIOTAT"
"SDV SELECTION","SDV SELECTION"
"VITALY'S","VITALY'S"
"PHARE CAP BON","PHARE CAP BON"
"BAZKARI","BAZKARI"
"TOURANGELLE","TOURANGELLE"
"LA TOURANGELLE","LA TOURANGELLE"
"SMILDE FOOD","SMILDE FOOD"
"BASTIDE","BASTIDE"
"D'ARGENT","D'ARGENT"
"MEDOLIO","MEDOLIO"
"TERRA DEL SOLE","TERRA DEL SOLE"
"TERRA DELYSSA","TERRA DELYSSA"
"CODEFA-ORCA","CODEFA-ORCA"
"RECETTE CHAUDRON","RECETTE CHAUDRON"
"SAINT MAMET","SAINT MAMET"
"CHIVERS","CHIVERS"
"FRUITS NORMANDS","FRUITS NORMANDS"
"ADDUCO","ADDUCO"
"MICHAUD FAM","MICHAUD FAM"
"RUCHES PAUMERAI","RUCHES PAUMERAI"
"DUPONY D'ISIGNY","DUPONY D'ISIGNY"
"SEPAL","SEPAL"
"BORDES","BORDES"
"MARGERIDES","MARGERIDES"
"ROCHEFONTAINE","ROCHEFONTAINE"
"ROYAL CHAMPIGNON","ROYAL CHAMPIGNON"
"LES CHAMPIGNADES","LES CHAMPIGNADES"
"RAYNAL&ROQUELAURE","RAYNAL&ROQUELAURE"
"SAVEUR D'AUGE","SAVEUR D'AUGE"
"PECHEURS DE France","PECHEURS DE France"
"PRINCES FOODS","PRINCES FOODS"
"GENDREAU","GENDREAU"
"AVON&RAGOBE","AVON&RAGOBE"
"TABLE DE GUILLAUME","TABLE DE GUILLAUME"
"WILLIAM SAURIN","WILLIAM SAURIN"
"CARREFOUR CDM","CARREFOUR CDM"
"LA BELLE CHAURIENNE","LA BELLE CHAURIENNE"
"SOULIER","SOULIER"
"PETIT MARMITON","PETIT MARMITON"
"CUISINE OCEANE","CUISINE OCEANE"
"WEIGHT WATCHERS","WEIGHT WATCHERS"
"CARREFOUR BABY","CARREFOUR BABY"
"CARREFOURRF BABY","CARREFOURRF BABY"
"CANDIA BABY","CANDIA BABY"
"NUTRICIA","NUTRICIA"
"NESTLE PURI","NESTLE PURI"
"PEDIGREE PAL","PEDIGREE PAL"
"PURINA FELIX","PURINA FELIX"
"PURINA GOURMET","PURINA GOURMET"
"CATISFACTIONS","CATISFACTIONS"
"CHERRY COKE","CHERRY COKE"
"PEPSI COLA","PEPSI COLA"
"U-MAN","U-MAN"
"BEAUTIFUL B","BEAUTIFUL B"
"CRAZY TIGER","CRAZY TIGER"
"SUPERMAN","SUPERMAN"
"TRUC DE FOU","TRUC DE FOU"
"FRESH FOOD ","FRESH FOOD "
"SOURCE PAROT","SOURCE PAROT"
"VAL DE RANCE","VAL DE RANCE"
"INDIAN TONIC","INDIAN TONIC"
"MAISON DU W","MAISON DU W"
"COEUR POMME","COEUR POMME"
"COLIBRI","COLIBRI"
"PETIT JULES","PETIT JULES"
"SIROP SPORT","SIROP SPORT"
"BRASSERIE LICORNE","BRASSERIE LICORNE"
"KRONENBOURG","KRONENBOURG"
"BIERE ABBAYE","BIERE ABBAYE"
"ABBAYE DE LEFFE","ABBAYE DE LEFFE"
"BIER ATLAS","BIER ATLAS"
"BIERE DEMON","BIERE DEMON"
"CASABLANCA","CASABLANCA"
"CASTELAIN","CASTELAIN"
"CORONITA","CORONITA"
"CUVEE DES TROLLS","CUVEE DES TROLLS"
"GEORGE KILLIAN'S","GEORGE KILLIAN'S"
"GRAIN D'ORGE","GRAIN D'ORGE"
"GROUP BIERE","GROUP BIERE"
"KARMELITE","KARMELITE"
"LICORNE","LICORNE"
"LONDON PRID","LONDON PRID"
"MORT SUBITE","MORT SUBITE"
"MYTHOS","MYTHOS"
"OHARAS","OHARAS"
"RINCE COCHON","RINCE COCHON"
"SABMILLER BRANDS","SABMILLER BRANDS"
"SECRET DES MOINES","SECRET DES MOINES"
"WEST COAST","WEST COAST"
"BIGOUD (EUR","BIGOUD (EUR"
"BIGOUDEN","BIGOUDEN"
"CELLIERS ASSOCIES","CELLIERS ASSOCIES"
"LOIC RAISON","LOIC RAISON"
"ARTESIAN","ARTESIAN"
"CHAUDFONTAINE","CHAUDFONTAINE"
"CONTREXEVILLE","CONTREXEVILLE"
"INTERNATIONAL BEERS","INTERNATIONAL BEERS"
"MONT ROUCOUS","MONT ROUCOUS"
"SAINT AMAND","SAINT AMAND"
"SOCIETE ALIX","SOCIETE ALIX"
"BADOIT ROUGE","BADOIT ROUGE"
"SAINT YORRE","SAINT YORRE"
"SAN PELLEGRINO","SAN PELLEGRINO"
"VICHY CELESTINS","VICHY CELESTINS"
"FRESH FOOD VILLAGE","FRESH FOOD VILLAGE"
"MAITRES GOUSTIERS","MAITRES GOUSTIERS"
"COURANCES","COURANCES"
"LARMIGNY","LARMIGNY"
"LOUIS DE RETZ","LOUIS DE RETZ"
"ALFRED ROTHSCHILD","ALFRED ROTHSCHILD"
"CANARD DUCHENE","CANARD DUCHENE"
"CHARLES LAFITTE","CHARLES LAFITTE"
"DE CASTELLANE","DE CASTELLANE"
"LAURENT PERRIER","LAURENT PERRIER"
"MOET & CHANDON","MOET & CHANDON"
"N.GUEUSQUIN","N.GUEUSQUIN"
"NICOLAS FEUILLATE","NICOLAS FEUILLATE"
"VEUVE CLIQUOT","VEUVE CLIQUOT"
"DURENMEY","DURENMEY"
"DURENMEYER","DURENMEYER"
"ENGHIEN","ENGHIEN"
"HONORE","HONORE"
"J.LAFONT","J.LAFONT"
"PETER HERRES GMBH","PETER HERRES GMBH"
"ALFRED METZ","ALFRED METZ"
"BLANC FOUSSY","BLANC FOUSSY"
"BOUVET LADUBAY","BOUVET LADUBAY"
"CAFE DE PARIS","CAFE DE PARIS"
"CHARLES VOLNER","CHARLES VOLNER"
"GRATIEN MEYER ","GRATIEN MEYER "
"MONCONTOUR","MONCONTOUR"
"MONTLOUIS","MONTLOUIS"
"PILONNI","PILONNI"
"PREDIL","PREDIL"
"ROTHSCHILD FRANCE","ROTHSCHILD FRANCE"
"SOUDRILLE","SOUDRILLE"
"SVF","SVF"
"VEUVE AMBAL","VEUVE AMBAL"
"VEUVE AMIOT","VEUVE AMIOT"
"VEUVE ARGENT","VEUVE ARGENT"
"BAYANIS","BAYANIS"
"BEAUME DE VENISE","BEAUME DE VENISE"
"LA PEYRADE","LA PEYRADE"
"RAPHAEL","RAPHAEL"
"FORTENI","FORTENI"
"AMBASSADEUR","AMBASSADEUR"
"MARTINI BIANCO","MARTINI BIANCO"
"MARTINI ROSATO","MARTINI ROSATO"
"MARTINI ROSSO","MARTINI ROSSO"
"SAINT RAPHAEL","SAINT RAPHAEL"
"MARINA DE FRUTO","MARINA DE FRUTO"
"NOILLY PRAT","NOILLY PRAT"
"GRAHAM'S","GRAHAM'S"
"FERNET BRANCA","FERNET BRANCA"
"VENEZZIO BITTER","VENEZZIO BITTER"
"BARDINET","BARDINET"
"MISTER COCKTAIL","MISTER COCKTAIL"
"SAINT JAMES","SAINT JAMES"
"SAINT MERAC","SAINT MERAC"
"AUGIER","AUGIER"
"BEAUPREAU","BEAUPREAU"
"REMY MARTIN","REMY MARTIN"
"PRE DAMIEN","PRE DAMIEN"
"PERE MAGLOIRE","PERE MAGLOIRE"
"CARNIATO","CARNIATO"
"MARIE BRIZARD","MARIE BRIZARD"
"BENEDICTINE","BENEDICTINE"
"GRAND MARNIER","GRAND MARNIER"
"HERITIER GUYOT","HERITIER GUYOT"
"JAGERMEISTER","JAGERMEISTER"
"MANZANITA","MANZANITA"
"NAPOLEON","NAPOLEON"
"PISANG AMBON","PISANG AMBON"
"TERROIRS","TERROIRS"
"CAPTAIN MORGAN","CAPTAIN MORGAN"
"CENTENARIO","CENTENARIO"
"DICTADOR","DICTADOR"
"DIPLOMATICO ","DIPLOMATICO "
"DIPLOMATICO ANEJO","DIPLOMATICO ANEJO"
"DUGAS","DUGAS"
"GIFFARD DIS","GIFFARD DIS"
"HAVANA CLUB","HAVANA CLUB"
"LA FAVORITE","LA FAVORITE"
"LIXIR","LIXIR"
"SAS ODEVIE","SAS ODEVIE"
"VALOIS","VALOIS"
"OLD THAMES","OLD THAMES"
"FILLIER","FILLIER"
"MARE","MARE"
"SNIEZKA","SNIEZKA"
"STOLICHNAYA","STOLICHNAYA"
"CAMINO REAL","CAMINO REAL"
"TRADELINK GROUPE","TRADELINK GROUPE"
"KEN LOUGH","KEN LOUGH"
"LOCH CASTLE","LOCH CASTLE"
"ARDOMRE","ARDOMRE"
"BALLANTINE'S","BALLANTINE'S"
"CLAN CAMPBEL","CLAN CAMPBEL"
"CROWN ROYAL","CROWN ROYAL"
"DUGAS ETS","DUGAS ETS"
"EARLY TIME","EARLY TIME"
"GLEFARCLAS","GLEFARCLAS"
"GLEN DEVERON","GLEN DEVERON"
"GLEN TURNER","GLEN TURNER"
"GLENFIDDICH","GLENFIDDICH"
"GLENMORANGIE","GLENMORANGIE"
"JACK DANIEL'S","JACK DANIEL'S"
"JOHNNY WALKER","JOHNNY WALKER"
"MONKEY SHOULDER","MONKEY SHOULDER"
"OLD VIRGINIA","OLD VIRGINIA"
"SIR EDWARD'S","SIR EDWARD'S"
"TOGOUCHI","TOGOUCHI"
"WILLIAM LAWSON'S","WILLIAM LAWSON'S"
"WILLIAM PEEL","WILLIAM PEEL"
"WOODFORD","WOODFORD"
"SAINT VIVANT","SAINT VIVANT"
"LA MARTINIQUAISE","LA MARTINIQUAISE"
"CARREFOUR ECOPLA","CARREFOUR ECOPLA"
"MAISON VERTE","MAISON VERTE"
"MIR COULEURS","MIR COULEURS"
"SUPER CROIX","SUPER CROIX"
"X-TRA","X-TRA"
"EAU ECARLATE","EAU ECARLATE"
"SCOTCH-BRITE","SCOTCH-BRITE"
"FAIRY","FAIRY"
"JEX PRO","JEX PRO"
"MIR VAISSELLE","MIR VAISSELLE"
"SAINT MARC","SAINT MARC"
"SOLIVAISSELLE","SOLIVAISSELLE"
"PROVENCE ORAPI","PROVENCE ORAPI"
"CARREFOUR HOME","CARREFOUR HOME"
"CHANTECLAIR","CHANTECLAIR"
"CILLIT BANG","CILLIT BANG"
"SOLICUISINE","SOLICUISINE"
"JAG","JAG"
"MIR MOQUETTE","MIR MOQUETTE"
"CANARD WC","CANARD WC"
"HENKEL","HENKEL"
"HUHTAMAKI FOOD","HUHTAMAKI FOOD"
"NORDIA","NORDIA"
"SABERT EUROPE","SABERT EUROPE"
"SCEL O'FRAIS","SCEL O'FRAIS"
"SOLIA","SOLIA"
"LABORATOIRE QUOTYGIE","LABORATOIRE QUOTYGIE"
"GRAND JURY PARFUMERIE","GRAND JURY PARFUMERIE"
"MONT SAINT MICHEL","MONT SAINT MICHEL"
"LES COSMETIQUES","LES COSMETIQUES"
"ADHRENA DISTRIBUTION","ADHRENA DISTRIBUTION"
"BRUT DE FABERGE","BRUT DE FABERGE"
"FRUIT/FLEUR","FRUIT/FLEUR"
"LAURENCE DUMONT","LAURENCE DUMONT"
"PTIT PLAISIR","PTIT PLAISIR"
"ULRIC DE VARENS","ULRIC DE VARENS"
"LASCAD","LASCAD"
"LE PETIT MARSEILLAIS","LE PETIT MARSEILLAIS"
"LE PETIT OLIVIER","LE PETIT OLIVIER"
"CORINNE DE FARME","CORINNE DE FARME"
"CORRINE DE FARME","CORRINE DE FARME"
"LES COSMETIQUES NECTAR","LES COSMETIQUES NECTAR"
"EMAIL DIAMANT","EMAIL DIAMANT"
"MATCH","MATCH"
"BARBARA GOULD","BARBARA GOULD"
"DERMO EXPERT","DERMO EXPERT"
"SKIN NATURE","SKIN NATURE"
"DEMAKUP","DEMAKUP"
"MIXA BEBE","MIXA BEBE"
"NIVEA BABY","NIVEA BABY"
"GLAMOUR PARIS","GLAMOUR PARIS"
"AMBRE SOLAIRE","AMBRE SOLAIRE"
"SOLEIL DES ILES","SOLEIL DES ILES"
"FRANCK PROVOST","FRANCK PROVOST"
"FRUCTIS STYL","FRUCTIS STYL"
"JACQUES DESSANGE","JACQUES DESSANGE"
"JEAN-LOUIS DAVID","JEAN-LOUIS DAVID"
"STUDIO LINE","STUDIO LINE"
"STUDIO PRO","STUDIO PRO"
"STYLISTE ULTIME","STYLISTE ULTIME"
"VIVELLE DOP","VIVELLE DOP"
"ESSENCE ULTIME","ESSENCE ULTIME"
"FRUCTIS STYLE","FRUCTIS STYLE"
"LE  PETIT OLIVIER","LE  PETIT OLIVIER"
"PETROLE HAHN","PETROLE HAHN"
"SKF","SKF"
"B.BEGINNI","B.BEGINNI"
"DARK&LOVELY","DARK&LOVELY"
"BELLE COLOR","BELLE COLOR"
"EUGENE COLOR","EUGENE COLOR"
"KERATINE COLOR","KERATINE COLOR"
"NECTRA COLOR","NECTRA COLOR"
"NORDIC COLOR","NORDIC COLOR"
"PERFECT MOUSSE","PERFECT MOUSSE"
"JUVA SANTE ","JUVA SANTE "
"CLEARBLUE","CLEARBLUE"
"METTLER PAP","METTLER PAP"
"GAULT ET FREMONT","GAULT ET FREMONT"
"GUILLIN EMB","GUILLIN EMB"
"GUILLIN EMBALLAGES","GUILLIN EMBALLAGES"
"VALERO","VALERO"
"ARGUYDAL","ARGUYDAL"
"PLASTICAEN","PLASTICAEN"
"SIPALDIS","SIPALDIS"
"THIOLAT","THIOLAT"
"XEROX","XEROX"
"TREFILACTION","TREFILACTION"
"PROXI","PROXI"
"SPAAS KAARSEN","SPAAS KAARSEN"
"KARIS","KARIS"
"MONDEX","MONDEX"
"DEREN ET CIE","DEREN ET CIE"
"LA MENAGERE","LA MENAGERE"
"ARC DISTRIBUTION","ARC DISTRIBUTION"
"ARTMADIS","ARTMADIS"
"CGMP TUFFE","CGMP TUFFE"
"NOVAST","NOVAST"
"ART CUISINE","ART CUISINE"
"FACKELMAN ","FACKELMAN "
"JENSEN","JENSEN"
"TARRERIAS","TARRERIAS"
"ALPHAFORM","ALPHAFORM"
"OPTIPACK","OPTIPACK"
"JVD SA","JVD SA"
"BEPULP","BEPULP"
"LOGIDIS","LOGIDIS"
"NUPIK","NUPIK"
"SABERT ","SABERT "
"GPV FRANCE","GPV FRANCE"
"CARPENTRAS","CARPENTRAS"
"REYNOLDS","REYNOLDS"
"TIPP EX","TIPP EX"
"HAMELIN SAS","HAMELIN SAS"
"PAPETERIES SILL","PAPETERIES SILL"
"PAPETERIE DU POITOU","PAPETERIE DU POITOU"
"COMMERCE SE","COMMERCE SE"
"COMMERCE SERVICE","COMMERCE SERVICE"
"PELTRACOM","PELTRACOM"
"FLORENDI JARDIN","FLORENDI JARDIN"
"ANIFA","ANIFA"
"RIGA","RIGA"
"TERDIS","TERDIS"
"NOVIAL","NOVIAL"
"UCALPI","UCALPI"
"LOTUS PRO","LOTUS PRO"
"NINGBO YINZHOU POTIS","NINGBO YINZHOU POTIS"
"ARBRE MAGIQUE","ARBRE MAGIQUE"
"TETROSYL","TETROSYL"
"FRIODIS","FRIODIS"
"DENIS","DENIS"
"SPASS KAARSEN","SPASS KAARSEN"
"BEBE CONFORT","BEBE CONFORT"
"WISMER","WISMER"
"ISLA MONDIAL","ISLA MONDIAL"
"ANCEL RISTORANTE","ANCEL RISTORANTE"
"PIZZA DE MANOSQUE","PIZZA DE MANOSQUE"
"SAVIGNY SURGELES","SAVIGNY SURGELES"
"SIGAL","SIGAL"
"ASIA FOOD C","ASIA FOOD C"
"ASIA FOOD CO SAS","ASIA FOOD CO SAS"
"CHAPUIS","CHAPUIS"
"CIE ARTIQUE","CIE ARTIQUE"
"ORIENTAL VIANDE","ORIENTAL VIANDE"
"GRAND JURY PREMIUM","GRAND JURY PREMIUM"
"ABCD","ABCD"
"CAMARGUE PRODUCTION","CAMARGUE PRODUCTION"
"CP MERCHANDISING","CP MERCHANDISING"
"France KEBAB","France KEBAB"
"HALIEUTIS S","HALIEUTIS S"
"ISLA DELICE","ISLA DELICE"
"MOY PARK FRANCE","MOY PARK FRANCE"
"TENDRE PLUS","TENDRE PLUS"
"THAI THAI","THAI THAI"
"TIPIAK TRAITEUR ","TIPIAK TRAITEUR "
"TRAITEUR CORNOUIAILLES","TRAITEUR CORNOUIAILLES"
"TRAITEUR DE PARIS","TRAITEUR DE PARIS"
"TRAITEUR PARIS","TRAITEUR PARIS"
"AQUALIS SEA","AQUALIS SEA"
"MAG","MAG"
"CITE MARINE","CITE MARINE"
"FRANCAISE DE GASTRONOMIE","FRANCAISE DE GASTRONOMIE"
"FRANCAISE DE GASTRONOMIE RESTO","FRANCAISE DE GASTRONOMIE RESTO"
"GELAZUR","GELAZUR"
"MARAIS","MARAIS"
"PACIFIC WES","PACIFIC WES"
"PRE D'AUGE","PRE D'AUGE"
"SILL ARTIQUE","SILL ARTIQUE"
"CARREFOUR HALAL","CARREFOUR HALAL"
"ARCADIE SUD","ARCADIE SUD"
"CONVIVIAL","CONVIVIAL"
"JEAN FLOCH","JEAN FLOCH"
"MONFORT","MONFORT"
"ORIENT HALAL","ORIENT HALAL"
"BODIN","BODIN"
"CAILLOR","CAILLOR"
"DEFIAL AILLIANCE","DEFIAL AILLIANCE"
"DEFIAL AILLY","DEFIAL AILLY"
"DOUX","DOUX"
"FLECHARD","FLECHARD"
"ICIBEX","ICIBEX"
"PRIMEX INTERNATIONAL","PRIMEX INTERNATIONAL"
"RAMON","RAMON"
"FGDS","FGDS"
"BERNARD","BERNARD"
"SELBA","SELBA"
"FCV SAS","FCV SAS"
"GBV BONNET","GBV BONNET"
"KERANNA","KERANNA"
"BONNET","BONNET"
"RONSARD","RONSARD"
"CITE GOURMANDE","CITE GOURMANDE"
"POM BISTROT","POM BISTROT"
"MC CAIN ","MC CAIN "
"PAYSAN BRETON","PAYSAN BRETON"
"GENERALE SURGELATION","GENERALE SURGELATION"
"BEGRO","BEGRO"
"AMY KITCHEN","AMY KITCHEN"
"PRIMEL GASTRONOMIE","PRIMEL GASTRONOMIE"
"ACE INTERNATIONAL","ACE INTERNATIONAL"
"AJINOMOTO FOOD EURO","AJINOMOTO FOOD EURO"
"ASIA FOOD","ASIA FOOD"
"COOKIE CREATIONS","COOKIE CREATIONS"
"DELICES DES","DELICES DES"
"FOURNIL FRANCE","FOURNIL FRANCE"
"NEUHAUSER","NEUHAUSER"
"FRUITS ROUGES","FRUITS ROUGES"
"JARDIFRUITS","JARDIFRUITS"
"ROUGE PARFUM","ROUGE PARFUM"
"ALTI FLORE","ALTI FLORE"
"EURL MORANE","EURL MORANE"
"LA FABRIQUE DU SUD","LA FABRIQUE DU SUD"
"LA FABRIQUE","LA FABRIQUE"
"BEN&JERRY'S","BEN&JERRY'S"
"YETIGEL","YETIGEL"
"GLACIERE NARBONNAISE","GLACIERE NARBONNAISE"
"ROLLAND","ROLLAND"
"DELIDESS","DELIDESS"
"SAPORIT SAR","SAPORIT SAR"
"AMERICAN DE","AMERICAN DE"
"AMERICAN DESSERTS","AMERICAN DESSERTS"
"CHATEAU BLANC","CHATEAU BLANC"
"FRANCE EUROPE","FRANCE EUROPE"
"EUROPE (L')DES PAINS","EUROPE (L')DES PAINS"
"GERBE SAVOYARDE","GERBE SAVOYARDE"
"GRAIN D'OR GEL","GRAIN D'OR GEL"
"LUBRANO","LUBRANO"
"SAS LUBRANO","SAS LUBRANO"
"LANTMANNEN ","LANTMANNEN "
"LANTMANNEN UNIBAKE","LANTMANNEN UNIBAKE"
"LIGHTBODY EUROPE","LIGHTBODY EUROPE"
"MAG'M","MAG'M"
"PODIS","PODIS"
"SOFRAPAIN","SOFRAPAIN"
"HURST SNC","HURST SNC"
"ARGRU","ARGRU"
"DELICE DES 7 VALLEES","DELICE DES 7 VALLEES"
"DELICES DES 7 VALLEES","DELICES DES 7 VALLEES"
"FONTENEAU ","FONTENEAU "
"BRIOCHE ET VIENNOISE","BRIOCHE ET VIENNOISE"
"POPPIES FRANCE","POPPIES FRANCE"
"BRIDOR CERF","BRIDOR CERF"
"DELMOTTE CHRISTOPHE","DELMOTTE CHRISTOPHE"
"DESSERT FACTORY","DESSERT FACTORY"
"GEL PAT","GEL PAT"
"MARTINE","MARTINE"
"PATISSERIE KERMER","PATISSERIE KERMER"
"PROLAINAT","PROLAINAT"
"COMPAGNIE P","COMPAGNIE P"
"STEPHAN PATISSERIE","STEPHAN PATISSERIE"
"PATI PRESTIGE","PATI PRESTIGE"
"KREMER MICHEL","KREMER MICHEL"
"MACARONNERIE","MACARONNERIE"
"COMPAGNIE PATISSIERE","COMPAGNIE PATISSIERE"
"DAWN FOODS ","DAWN FOODS "
"HEIM BEIGNETS","HEIM BEIGNETS"
"KERRY","KERRY"
"KERRY INGRE","KERRY INGRE"
"KREMER MICH","KREMER MICH"
"T.T.B.","T.T.B."
"FERME DES PEUPLIERS","FERME DES PEUPLIERS"
"FERMIER MANEGE","FERMIER MANEGE"
"LA LAITIERE","LA LAITIERE"
"LAITIERE DE LA MOTTE","LAITIERE DE LA MOTTE"
"LE PETIT BASQUE","LE PETIT BASQUE"
"LES 2 VACHES","LES 2 VACHES"
"PETIT BASQUE","PETIT BASQUE"
"PEUPLIERS F","PEUPLIERS F"
"SCL DES HAY","SCL DES HAY"
"BG SAS","BG SAS"
"LA FERMIERE","LA FERMIERE"
"SAVOIE YAOURT","SAVOIE YAOURT"
"STONYFIELD ","STONYFIELD "
"STONYFIELD FRANCE","STONYFIELD FRANCE"
"VELOUTE FRUIX","VELOUTE FRUIX"
"MARIE MORIN","MARIE MORIN"
"CARREFOUR BON APPETIT","CARREFOUR BON APPETIT"
"T.I.R.","T.I.R."
"CHARLES&ALICE","CHARLES&ALICE"
"GU CHOCOLAT","GU CHOCOLAT"
"POTS&CO LTD","POTS&CO LTD"
"MAITRES LAITIERS","MAITRES LAITIERS"
"PETITS SUISSES","PETITS SUISSES"
"PETITS GERVAIS","PETITS GERVAIS"
"ELLE & VIRE","ELLE & VIRE"
"BOCAGE NORMAND","BOCAGE NORMAND"
"CELIA","CELIA"
"GRAND FERMAGE","GRAND FERMAGE"
"SAINT HUBERT","SAINT HUBERT"
"UNILEVER","UNILEVER"
"LE FLEURIER","LE FLEURIER"
"AVICULTEURS ASSOCIES","AVICULTEURS ASSOCIES"
"OEUF GASCOGNE","OEUF GASCOGNE"
"BON MAYENNAIS","BON MAYENNAIS"
"CAPRICE DES DIEUX","CAPRICE DES DIEUX"
"COEUR DE LION","COEUR DE LION"
"LE RUSTIQUE","LE RUSTIQUE"
"PAVE D'AFFINOIS","PAVE D'AFFINOIS"
"PETIT NORMAND","PETIT NORMAND"
"SAINT AMOUR","SAINT AMOUR"
"FROMAPAC","FROMAPAC"
"SAINT ALBRAY","SAINT ALBRAY"
"CASA AZZURRA","CASA AZZURRA"
"FROMAGERS DE L'EUROPE","FROMAGERS DE L'EUROPE"
"CHAUSSEE AUX MOINES","CHAUSSEE AUX MOINES"
"RICHES MONTS","RICHES MONTS"
"CARREFOUR SHIELD","CARREFOUR SHIELD"
"PETIT BILLY","PETIT BILLY"
"BRESSE BLEU","BRESSE BLEU"
"ROQUEFORT SOCIETE","ROQUEFORT SOCIETE"
"CARREFOUR DISNEY","CARREFOUR DISNEY"
"ALLIANCE DE","ALLIANCE DE"
"LA VACHE QUI RIT","LA VACHE QUI RIT"
"P'TIT LOUIS","P'TIT LOUIS"
"CAPRICE DES ANGES","CAPRICE DES ANGES"
"CARRE FRAIS","CARRE FRAIS"
"PHILADELPHIA","PHILADELPHIA"
"SAINT MORET","SAINT MORET"
"SAINTT MORET","SAINTT MORET"
"BIOPORC","BIOPORC"
"FLEURY MICHON","FLEURY MICHON"
"FRAIS DEVAN","FRAIS DEVAN"
"VILLANI FRANCE","VILLANI FRANCE"
"MDS","MDS"
"AMAND TERRINE","AMAND TERRINE"
"AMAND-BIANI","AMAND-BIANI"
"BORDEAUX CHESNEL","BORDEAUX CHESNEL"
"JUSTIN BRIDOU","JUSTIN BRIDOU"
"ROCHES BLANCHES","ROCHES BLANCHES"
"SAINT AGAUNE","SAINT AGAUNE"
"VILLANI FRA","VILLANI FRA"
"MONTAGNE NOIRE","MONTAGNE NOIRE"
"SAPRESTI TRAITEUR","SAPRESTI TRAITEUR"
"SAS BC BIO","SAS BC BIO"
"PASTA DI ANGELO","PASTA DI ANGELO"
"CARREFOUR VEGGIE","CARREFOUR VEGGIE"
"TRADITION ASIE","TRADITION ASIE"
"GRAND JURY TOUT PRT","GRAND JURY TOUT PRT"
"DESSAINT ","DESSAINT "
"BIOPORC SAS","BIOPORC SAS"
"DELABLI SAS","DELABLI SAS"
"STEFANO TOSELLI","STEFANO TOSELLI"
"CARREFOUR NON APPETIT","CARREFOUR NON APPETIT"
"ASSIETTE BLEUE","ASSIETTE BLEUE"
"CHARLES DELGOVE","CHARLES DELGOVE"
"DELICE MONDE","DELICE MONDE"
"SEPOA DELGO","SEPOA DELGO"
"SELECTION MAREE","SELECTION MAREE"
"CS FRANCE","CS FRANCE"
"VICINI","VICINI"
"DOUCE France","DOUCE France"
"S.N.V","S.N.V"
"ARRIVE M.CO","ARRIVE M.CO"
"FERME DES B","FERME DES B"
"LDC","LDC"
"NORMANDE DE VOLAILLE","NORMANDE DE VOLAILLE"
"GASTRONOME DE DISTRIBUTION","GASTRONOME DE DISTRIBUTION"
"LOEUL ET PIRIOT","LOEUL ET PIRIOT"
"LOEUL&PIRIOT","LOEUL&PIRIOT"
"PRE GUILLAUME","PRE GUILLAUME"
"NATURE FRANCE","NATURE FRANCE"
"SOCOPA VIANDES","SOCOPA VIANDES"
"MAITRE JACQUES","MAITRE JACQUES"
"ELIVIA","ELIVIA"
"SALAISON DU PRESSOIR","SALAISON DU PRESSOIR"
"SALAISON PRESSOIR","SALAISON PRESSOIR"
"JEAN LOUIS ","JEAN LOUIS "
"PRESTIGE SART.","PRESTIGE SART."
"GAST STE NOUVELLE","GAST STE NOUVELLE"
"JAMBON BOCAGE","JAMBON BOCAGE"
"MERE LYONNAISE","MERE LYONNAISE"
"LE PERE CHA","LE PERE CHA"
"CAPG","CAPG"
"COIN GOURMAND","COIN GOURMAND"
"DOMAINE PICARD","DOMAINE PICARD"
"GRAND VALLEE","GRAND VALLEE"
"QUILLARD ET FILS","QUILLARD ET FILS"
"PAUL PREDAULT","PAUL PREDAULT"
"JAMBON DU BOCAGE","JAMBON DU BOCAGE"
"STEMMELEN","STEMMELEN"
"ANDRE LAURENT","ANDRE LAURENT"
"DELICES D'ORIENT","DELICES D'ORIENT"
"LECHEF","LECHEF"
"CHARLES KELLER","CHARLES KELLER"
"RECETTE CARREFOUR","RECETTE CARREFOUR"
"CAMPIFOOD FRANCE","CAMPIFOOD FRANCE"
"COLLET SARL","COLLET SARL"
"GENERALE TRAITEUR","GENERALE TRAITEUR"
"MIDI TIELLE","MIDI TIELLE"
"MIDI TIELLES","MIDI TIELLES"
"STALAVEN JEAN TRAIT","STALAVEN JEAN TRAIT"
"STE PASO","STE PASO"
"GILTRAITEUR","GILTRAITEUR"
"VALENTIN TRAITEUR","VALENTIN TRAITEUR"
"GRPE FRANCAI GASTRON","GRPE FRANCAI GASTRON"
"NORMANDIE VOLAILLE","NORMANDIE VOLAILLE"
"S.N.V.","S.N.V."
"DUCALE CHIPS ARTIS","DUCALE CHIPS ARTIS"
"CHARCUTERIE VENDEENNE","CHARCUTERIE VENDEENNE"
"FUMAGALLI I","FUMAGALLI I"
"NEGRONI","NEGRONI"
"NOEL ALIMENTARIA","NOEL ALIMENTARIA"
"SPECIALITES DU MONDE","SPECIALITES DU MONDE"
"BORDELAISE ","BORDELAISE "
"COMAPA","COMAPA"
"COMAPA 2001","COMAPA 2001"
"CAMPIFOOD F","CAMPIFOOD F"
"DELICE ORIENT","DELICE ORIENT"
"JARNOUX CREPERIE","JARNOUX CREPERIE"
"ORIGINE & QUALITE","ORIGINE & QUALITE"
"CHAMOIS D'OR","CHAMOIS D'OR"
"ETOILE VERCORS","ETOILE VERCORS"
"FROMAGERIE DE JUSSAC","FROMAGERIE DE JUSSAC"
"FROMAGERIE DE LIVAROT","FROMAGERIE DE LIVAROT"
"FROMAGERIE DES NEIGES","FROMAGERIE DES NEIGES"
"FROMAGES AFFINES","FROMAGES AFFINES"
"FROMAGES ET TERROIRS","FROMAGES ET TERROIRS"
"LAITERIE SAINT HILAIRE","LAITERIE SAINT HILAIRE"
"MAITRE PENNEC","MAITRE PENNEC"
"MARIE HAREL","MARIE HAREL"
"TERRE NORMANDIE","TERRE NORMANDIE"
"FROMAGE CHABERT","FROMAGE CHABERT"
"FROMAGERIE DES MONTS","FROMAGERIE DES MONTS"
"AMBROSI EMMI FRANCE","AMBROSI EMMI FRANCE"
"TERRE AUVERGNE","TERRE AUVERGNE"
"WALCHILI","WALCHILI"
"FROMAGERE LIVRADOIS","FROMAGERE LIVRADOIS"
"JEAN PERRIN","JEAN PERRIN"
"FTRECAL","FTRECAL"
"MONTS & TERRE","MONTS & TERRE"
"ALLIANCE DES FROMAGES","ALLIANCE DES FROMAGES"
"SCHMIDHAUSER","SCHMIDHAUSER"
"FROMAGERIE ","FROMAGERIE "
"GRAND COMTOIS","GRAND COMTOIS"
"RIVOIRE&JACQUEMIN","RIVOIRE&JACQUEMIN"
"MIFROMAGE","MIFROMAGE"
"GABRIEL COULET ","GABRIEL COULET "
"SAINT FLOUR","SAINT FLOUR"
"FROMAGERIE DU PILAT","FROMAGERIE DU PILAT"
"FROMAGERIE LA DROME","FROMAGERIE LA DROME"
"FROMAGERIE NEIGE","FROMAGERIE NEIGE"
"HIJOS DE SALVADOR","HIJOS DE SALVADOR"
"LE VERNEUIL","LE VERNEUIL"
"ONETIK FROMAGES","ONETIK FROMAGES"
"POITOU CHEVRE","POITOU CHEVRE"
"FROMAGERIE DU PAYS","FROMAGERIE DU PAYS"
"FROMAGERS ASSOCIES","FROMAGERS ASSOCIES"
"FROMAGERIE DES NEIGE","FROMAGERIE DES NEIGE"
"FRIESLAND CAMPINA ","FRIESLAND CAMPINA "
"FROMAGERIES DE L'EUROPE","FROMAGERIES DE L'EUROPE"
"FROMAGERS A","FROMAGERS A"
"BOULE D'OR","BOULE D'OR"
"ROYAL HOLLANDIA","ROYAL HOLLANDIA"
"FROMAGERIE VAL D'AY","FROMAGERIE VAL D'AY"
"LOEUF","LOEUF"
"FROMAGERIE LIVRADOIS","FROMAGERIE LIVRADOIS"
"FROMAGERE L","FROMAGERE L"
"FRIESLAND","FRIESLAND"
"MAITRE PENNEC FROMAGE","MAITRE PENNEC FROMAGE"
"MATARET(LE PETIT)","MATARET(LE PETIT)"
"NORMANDIE PECHERIE","NORMANDIE PECHERIE"
"CIPAL","CIPAL"
"DIADEZ","DIADEZ"
"AXIANE MEUNERIE","AXIANE MEUNERIE"
"HEBERT GDS MOULINS","HEBERT GDS MOULINS"
"SECTAL","SECTAL"
"SOPHIPAIN","SOPHIPAIN"
"ST MICHEL BISCUITS","ST MICHEL BISCUITS"
"DELICES DE LANDELEAU","DELICES DE LANDELEAU"
"AGRO DOUBS","AGRO DOUBS"
"PATISFRANCE-PURATOS","PATISFRANCE-PURATOS"
"PEP","PEP"
"MAITRE PRUNILLE","MAITRE PRUNILLE"
"PRUNO DELICE","PRUNO DELICE"
"DESTINATION SAVEURS","DESTINATION SAVEURS"
"SUN COLOR","SUN COLOR"
"SPHERE","SPHERE"
"TEDDY'S","TEDDY'S"
"BRUT DE COQUES","BRUT DE COQUES"
"DESTOMBES S","DESTOMBES S"
"DESTOMBES SARL","DESTOMBES SARL"
"LA BOULANGERE","LA BOULANGERE"
"REGENT'S PARK","REGENT'S PARK"
"ERTE BISCUIT","ERTE BISCUIT"
"FORCHY","FORCHY"
"KER CADELAC","KER CADELAC"
"BERROU KOUIGN-AMANN","BERROU KOUIGN-AMANN"
"MAMIE NORMA","MAMIE NORMA"
"FLAMINO SAS","FLAMINO SAS"
"SAINT ANTONIN","SAINT ANTONIN"
"BELLOT","BELLOT"
"ESCO FRANCE","ESCO FRANCE"
"CARREFOUR ECO","CARREFOUR ECO"
"FERME ANCHIN","FERME ANCHIN"
"GASTRONOME DISTRIBUT","GASTRONOME DISTRIBUT"
"FROMAGERIE L'ETOILE","FROMAGERIE L'ETOILE"
"CHOCOLATREE SAS","CHOCOLATREE SAS"
"FROMAGERIE BANON","FROMAGERIE BANON"
"PERE BENOIT","PERE BENOIT"
"A.B.C.D.","A.B.C.D."
"FROMAGERIE VERDIER","FROMAGERIE VERDIER"
"GAST","GAST"
"FROMAGERIES L ETOILE","FROMAGERIES L ETOILE"
"PILPA DESSERT","PILPA DESSERT"
"ERHARD PATISSERIE","ERHARD PATISSERIE"
"M.DESSERTS ","M.DESSERTS "
"PEUREUX","PEUREUX"
"CIE LABO","CIE LABO"
"STOP INSECTES","STOP INSECTES"
"SOLCARBON SA NV","SOLCARBON SA NV"
"FACKELMAN FRANCE","FACKELMAN FRANCE"
"PAPETERIE CIE EUROPE","PAPETERIE CIE EUROPE"
"SORAC SARL","SORAC SARL"
"COOP.MAR.EST AUVRAY","COOP.MAR.EST AUVRAY"
"DIFRAMA SAS","DIFRAMA SAS"
"CRESYL","CRESYL"
"VAITOL","VAITOL"
"GOURMETS DE L'EUROPE","GOURMETS DE L'EUROPE"
"CAP BON","CAP BON"
"SAVEURS FORESTIERES","SAVEURS FORESTIERES"
"TRADIVAL","TRADIVAL"
"GAULT ET FR","GAULT ET FR"
"IFRI","IFRI"
"NIVEA SUN","NIVEA SUN"
"WERTHER'S ORIGINAL","WERTHER'S ORIGINAL"
"SUBLIM","SUBLIM"
"KITKAT","KITKAT"
"BODY EXPERT","BODY EXPERT"
"GUEGUEN","GUEGUEN"
"SYRTOS","SYRTOS"
"DEVEUROP","DEVEUROP"
"N1","N1"
"MIKO","MIKO"
"SAINT ALGUE","SAINT ALGUE"
"FANTASIA","FANTASIA"
"MILKY WAY","MILKY WAY"
"RISSO PERF","RISSO PERF"
"V8","V8"
"LOTUS BAKER","LOTUS BAKER"
"MANNA.","MANNA."
"ECLAIR NV SA","ECLAIR NV SA"
"DESTROOPER","DESTROOPER"
"ULTRA BRITE","ULTRA BRITE"
"EF FRANCE VIANDES","EF FRANCE VIANDES"
"YPIOCA","YPIOCA"
"COLGATE","COLGATE"
"JARDIN SIAM","JARDIN SIAM"
"CEPASCO ESPIG","CEPASCO ESPIG"
"CLIMADIFF","CLIMADIFF"
"CHAMEAU","CHAMEAU"
"SCA HYGIENE PRODUCTS","SCA HYGIENE PRODUCTS"
"ANECOOP FRA","ANECOOP FRA"
"ANECOOP FRANCED","ANECOOP FRANCED"
"BIXENTE","BIXENTE"
"CASE EPICES","CASE EPICES"
"VIRGINIAS","VIRGINIAS"
"VALOR","VALOR"
"BELL FRANCE","BELL FRANCE"
"RUIZ","RUIZ"
"WONDERFULL","WONDERFULL"
"PEPPERIDGE","PEPPERIDGE"
"DELACTOLAIT","DELACTOLAIT"
"EDERKI","EDERKI"
"BORIES","BORIES"
"JEANNETTE","JEANNETTE"
"V.CONSERVE","V.CONSERVE"
"CHARCUTERIE GOURMANDE","CHARCUTERIE GOURMANDE"
"PAYSAGE","PAYSAGE"
"PONT PIERRE","PONT PIERRE"
"RICHEMONTS","RICHEMONTS"
"MONDIALE","MONDIALE"
"MOUETTES ARVOR","MOUETTES ARVOR"
"JOCK","JOCK"
"GUILLOTEAU","GUILLOTEAU"
"LE SUPREME","LE SUPREME"
"GOURMET DES ILES","GOURMET DES ILES"
"BPA","BPA"
"MELIX","MELIX"
"YOU","YOU"
"AMINE","AMINE"
"CARREFOUR BAP JR","CARREFOUR BAP JR"
"EAT ME","EAT ME"
"TORRES","TORRES"
"BERTHON CHARCUTERIE","BERTHON CHARCUTERIE"
"DANFLOU","DANFLOU"
"ROZES ANNE","ROZES ANNE"
"ANNE ROZES","ANNE ROZES"
"PROLINEA","PROLINEA"
"SUBLIM SUN","SUBLIM SUN"
"SAVOIE","SAVOIE"
"PIQUET","PIQUET"
"LAGUILHON","LAGUILHON"
"BIOKILL","BIOKILL"
"AXIANE MEUN","AXIANE MEUN"
"LOU GASCOU","LOU GASCOU"
"TRES.FRUIT","TRES.FRUIT"
"BADOIT VERTE","BADOIT VERTE"
"SILL SAS","SILL SAS"
"CPVD FOULON","CPVD FOULON"
"RIVOIRE & JACQUEMIN","RIVOIRE & JACQUEMIN"
"SERPIS","SERPIS"
"BIRABEN","BIRABEN"
"DISTRALIS","DISTRALIS"
"C.NORMAND","C.NORMAND"
"CALGONIT","CALGONIT"
"RIVIERE","RIVIERE"
"M.RIVIERE","M.RIVIERE"
"T.GOURMAND","T.GOURMAND"
"LE REVELOI","LE REVELOI"
"BLEDICHEF","BLEDICHEF"
"MONSIEUR","MONSIEUR"
"FROMAGE AFFINOIS","FROMAGE AFFINOIS"
"G.BARADAT","G.BARADAT"
"KERISAC","KERISAC"
"BIACTOL","BIACTOL"
"S.ERWANN","S.ERWANN"
"DARK DOG","DARK DOG"
"JAVEL DOSE","JAVEL DOSE"
"PANIFICATION MODERNE","PANIFICATION MODERNE"
"FESTINE","FESTINE"
"HAGEN-DAZS","HAGEN-DAZS"
"YEDO SUSHI","YEDO SUSHI"
"MME CALIN","MME CALIN"
"CALIN","CALIN"
"YOPA","YOPA"
"HAMEON","HAMEON"
"MONTEBOURG","MONTEBOURG"
"DELICES SAINT AGAUNE","DELICES SAINT AGAUNE"
"DELIFRANCE SA","DELIFRANCE SA"
"YOPLAIT 0%","YOPLAIT 0%"
"TERRES BLEUES","TERRES BLEUES"
"NICOT GOURMET","NICOT GOURMET"
"FAVOLS","FAVOLS"
"LAPOUGE","LAPOUGE"
"PIK ET CROQ","PIK ET CROQ"
"GET","GET"
"MONLUC","MONLUC"
"CHARLES AMAND","CHARLES AMAND"
"TORREFACTION BROCELIANDE","TORREFACTION BROCELIANDE"
"DELICIEUSE","DELICIEUSE"
"LA MONEGASQUE","LA MONEGASQUE"
"PETITS FILOUS","PETITS FILOUS"
"DELICES DE LA TOUR","DELICES DE LA TOUR"
"FROM CARTE","FROM CARTE"
"MLIKA","MLIKA"
"PRIMEL GAST","PRIMEL GAST"
"BASQUAISE","BASQUAISE"
"RICHES MONT","RICHES MONT"
"ELMEX","ELMEX"
"LESCURE","LESCURE"
"CATELIER","CATELIER"
"MATOCQ","MATOCQ"
"1664 KRONENBOURG","1664 KRONENBOURG"
"LV","LV"
"LESIRE","LESIRE"
"CARBOBOIS","CARBOBOIS"
"TRUDEAU","TRUDEAU"
"DYSNEY","DYSNEY"
"FOUCTEAU","FOUCTEAU"
"ROUY","ROUY"
"SWISS DELICE","SWISS DELICE"
"CHAVEGRAND ","CHAVEGRAND "
"SCAN IMPORT","SCAN IMPORT"
"ORIGINE ET QUALITE","ORIGINE ET QUALITE"
"LION","LION"
"FLORAISON","FLORAISON"
"DELABLI","DELABLI"
"SAINT WANDRILLE","SAINT WANDRILLE"
"PIERRE CARDIN","PIERRE CARDIN"
"APERICUBE BEL","APERICUBE BEL"
"LEGAGNOA","LEGAGNOA"
"ROUCOULON","ROUCOULON"
"SPIGOL","SPIGOL"
"AIMERY","AIMERY"
"PIPER HEIDSIECK","PIPER HEIDSIECK"
"SELECTION","SELECTION"
"D.PERIGORD","D.PERIGORD"
"DAWN FOODS FRANCE B.","DAWN FOODS FRANCE B."
"OVALIS","OVALIS"
"HALAL","HALAL"
"OLABE DISTRIBUTION","OLABE DISTRIBUTION"
"YOP","YOP"
"HERMESETAS","HERMESETAS"
"TONIGENCYL","TONIGENCYL"
"VALTERO","VALTERO"
"CASA FIESTA","CASA FIESTA"
"L.BOUILLOT","L.BOUILLOT"
"AJAX VITRE","AJAX VITRE"
"VANDAMME","VANDAMME"
"SOYJOY","SOYJOY"
"GLACEAU","GLACEAU"
"ACE INTERNA","ACE INTERNA"
"FRULOS","FRULOS"
"DEL.PALAIS","DEL.PALAIS"
"P.B.T","P.B.T"
"MERCADIER","MERCADIER"
"SAS FAT SMOKE","SAS FAT SMOKE"
"PROVEN ORAPI","PROVEN ORAPI"
"PLAY BOY","PLAY BOY"
"MAZET","MAZET"
"CHABERT","CHABERT"
"GARREAU","GARREAU"
"FRANCAISE GASTRONOMIE","FRANCAISE GASTRONOMIE"
"LECHAMPION","LECHAMPION"
"TOQUE ANGEVINE","TOQUE ANGEVINE"
"M.OCCITANS","M.OCCITANS"
"ROGER BISCOTTES","ROGER BISCOTTES"
"FRAIS EMBAL","FRAIS EMBAL"
"YOU BE","YOU BE"
"LOU GASCOUN","LOU GASCOUN"
"PETIT FRIQUET","PETIT FRIQUET"
"GIRARD MAURICE","GIRARD MAURICE"
"DR ETKER","DR ETKER"
"ARDELIS","ARDELIS"
"TAILLEFINE FIZ","TAILLEFINE FIZ"
"RABELAIS","RABELAIS"
"AMAURY","AMAURY"
"TAL.GOURMANDE","TAL.GOURMANDE"
"SOCADIS","SOCADIS"
"ESPRIT RESTAURATION","ESPRIT RESTAURATION"
"EVENT-THAI TRAITEUR","EVENT-THAI TRAITEUR"
"DEVAUX","DEVAUX"
"BERNDES","BERNDES"
"PYREX","PYREX"
"TATE LYLES","TATE LYLES"
"HAYWARDS","HAYWARDS"
"HUBA BUBBA","HUBA BUBBA"
"FARROW","FARROW"
"MR COOKES KITCHEN","MR COOKES KITCHEN"
"PRO ACTIV","PRO ACTIV"
"MACALLAN","MACALLAN"
"BRANSTON","BRANSTON"
"KRAFT","KRAFT"
"REGENTS PARK","REGENTS PARK"
"FOXS","FOXS"
"AHMAD","AHMAD"
"NEW COVENT","NEW COVENT"
"KETTLE","KETTLE"
"MAYNARD","MAYNARD"
"TERRA OLIV","TERRA OLIV"
"CUR CHAUFFE","CUR CHAUFFE"
"HAW","HAW"
"NOVA FOODS SRL","NOVA FOODS SRL"
"MONTALBANO","MONTALBANO"
"BONDOLCE ","BONDOLCE "
"Italie PASSION","Italie PASSION"
"ELEGANCE","ELEGANCE"
"BUFALA","BUFALA"
"MARTINI ROSE","MARTINI ROSE"
"WHITEHALL","WHITEHALL"
"ROVAGNATI","ROVAGNATI"
"MOTTA","MOTTA"
"RISO SCOTTI","RISO SCOTTI"
"P.CASTELLI","P.CASTELLI"
"DOLCE ITALIA","DOLCE ITALIA"
"MINIDOU","MINIDOU"
"ANTICA PAS","ANTICA PAS"
"BEN & JERRY'S","BEN & JERRY'S"
"C.ARTISTES","C.ARTISTES"
"SOL PLUS","SOL PLUS"
"OUST","OUST"
"DOLMIO","DOLMIO"
"ASILEA","ASILEA"
"DON PAPA","DON PAPA"
"JESTIN","JESTIN"
"MACARICO","MACARICO"
"MACUMBA","MACUMBA"
"HITSCHLER","HITSCHLER"
"LANTCHIPS","LANTCHIPS"
"BLOCH","BLOCH"
"C.BLOCH","C.BLOCH"
"CP MARCHAN","CP MARCHAN"
"KISS","KISS"
"VESTEY FOODS","VESTEY FOODS"
"CARF","CARF"
"SILL","SILL"
"DELACTOLAI","DELACTOLAI"
"TISANIERE","TISANIERE"
"DRYNITES","DRYNITES"
"HT HERBAGE","HT HERBAGE"
"BABYSOIF","BABYSOIF"
"M.BOUCHER","M.BOUCHER"
"NOEL","NOEL"
"TAO.","TAO."
"BEL EPI","BEL EPI"
"C.DE BLE","C.DE BLE"
"DAUNAT.","DAUNAT."
"PARMIGIANO","PARMIGIANO"
"GU CHOCOLA","GU CHOCOLA"
"POPCHIPS","POPCHIPS"
"PIC NIC BR","PIC NIC BR"
"MANOIR","MANOIR"
"DUNE.","DUNE."
"AMPHORA","AMPHORA"
"1664 BLANC","1664 BLANC"
"P.ISLANDE","P.ISLANDE"
"SOBREVAL","SOBREVAL"
"SELECT.MAR","SELECT.MAR"
"CAPRIFRAIS","CAPRIFRAIS"
"VALENTIN","VALENTIN"
"BONJURA","BONJURA"
"CHAMANE","CHAMANE"
"EYGUEBELLE","EYGUEBELLE"
"BELLEROSE","BELLEROSE"
"S.A. LEDUN","S.A. LEDUN"
"O ET Q","O ET Q"
"CIE PECHES","CIE PECHES"
"MOISSAC","MOISSAC"
"HERADURA","HERADURA"
"RENOVA","RENOVA"
"MILLERET","MILLERET"
"R.PARK","R.PARK"
"MATEUS","MATEUS"
"VERKADE","VERKADE"
"TG TRAIT.","TG TRAIT."
"C.MORONI","C.MORONI"
"AMBI PUR","AMBI PUR"
"PERFECT FI","PERFECT FI"
"LOACKER","LOACKER"
"BARBAPAPA","BARBAPAPA"
"GUIOT","GUIOT"
"APICU.ASSO","APICU.ASSO"
"SAV.ANTAN","SAV.ANTAN"
"ISOMEGA","ISOMEGA"
"ART CULINE","ART CULINE"
"KLAR","KLAR"
"PRIMEX","PRIMEX"
"JARNOUX","JARNOUX"
"BOLLINGER","BOLLINGER"
"ROEDERER","ROEDERER"
"SENOBLE","SENOBLE"
"GU DESSERT","GU DESSERT"
"JUICY WATE","JUICY WATE"
"MARCO POLO","MARCO POLO"
"HERTOG","HERTOG"
"DIZOLVE","DIZOLVE"
"LICO","LICO"
"PT FRIQUET","PT FRIQUET"
"ECOLAB","ECOLAB"
"FRELON","FRELON"
"TAILLE.FIZ","TAILLE.FIZ"
"TAL.GOURMA","TAL.GOURMA"
"BLUE DIAM","BLUE DIAM"
"DOM PERIGN","DOM PERIGN"
"CROISSANCE","CROISSANCE"
"CHANTESAIR","CHANTESAIR"
"DECOLOR ST","DECOLOR ST"
"CRF SOLIDR","CRF SOLIDR"
"BEL","BEL"
"FEE DU LOG","FEE DU LOG"
"ST.AMOUR","ST.AMOUR"
"M.LAITIERS","M.LAITIERS"
"CRF BAP.JR","CRF BAP.JR"
"SOCOPA V","SOCOPA V"
"ASCANIA","ASCANIA"
"TOQ.BOURBO","TOQ.BOURBO"
"BYO ESSENT","BYO ESSENT"
"LAP.ARTOIS","LAP.ARTOIS"
"J.MONTAGNE","J.MONTAGNE"
"BUCHINGER","BUCHINGER"
"GLENROTHES","GLENROTHES"
"PERR.JOUET","PERR.JOUET"
"B.VEZELAY","B.VEZELAY"
"SCHAR","SCHAR"
"AYAM","AYAM"
"MORAND","MORAND"
"ARDBEG","ARDBEG"
"G.MILLS","G.MILLS"
"DEWAR'S","DEWAR'S"
"KNOB CREEK","KNOB CREEK"
"D.BELLEVUE","D.BELLEVUE"
"GLENKINCHI","GLENKINCHI"
"AKASHI","AKASHI"
"CHEF'N","CHEF'N"
"PERE LABAT","PERE LABAT"
"BURTS","BURTS"
"ALGOFLASH","ALGOFLASH"
"BARINSECTE","BARINSECTE"
"GRUAU D OR","GRUAU D OR"
"J.BECKER","J.BECKER"
"BARRONGEUR","BARRONGEUR"
"DESTINATIO","DESTINATIO"
"CANCALAISE","CANCALAISE"
"TELENN DU","TELENN DU"
"ST STEFANU","ST STEFANU"
"JEAN BRUNE","JEAN BRUNE"
"B.HERMINE","B.HERMINE"
"LCS SUN UL","LCS SUN UL"
"PINGUIN","PINGUIN"
"SHARWOODS","SHARWOODS"
"AICHA","AICHA"
"CURVER","CURVER"
"MARCEL BIO","MARCEL BIO"
"NATUR.BIO","NATUR.BIO"
"VELOX","VELOX"
"CIDOU","CIDOU"
"SISCA","SISCA"
"SDC","SDC"
"ZEN&SS GLU","ZEN&SS GLU"
"FUMAGALLI","FUMAGALLI"
"DISGROUP","DISGROUP"
"ULTRA BRIT","ULTRA BRIT"
"OR CLASSIQ","OR CLASSIQ"
"OR ABSOLU","OR ABSOLU"
"8 IN 1","8 IN 1"
"SO BIO","SO BIO"
"MONT BLC","MONT BLC"
"CHATELDON","CHATELDON"
"SALUTAR","SALUTAR"
"PETIT SUI","PETIT SUI"
"HUGO LE MA","HUGO LE MA"
"LOR","LOR"
"THONON","THONON"
"LP NEUTRE","LP NEUTRE"
"SENI","SENI"
"LOOS","LOOS"
"CYRIL LIGN","CYRIL LIGN"
"LAVOR","LAVOR"
"CHUFFI","CHUFFI"
"CLEAR","CLEAR"
"QUINTA AVO","QUINTA AVO"
"SEB","SEB"
"RAMIREZ","RAMIREZ"
"LEXAR","LEXAR"
"D'AVO","D'AVO"
"ORVAL","ORVAL"
"EL TAJ","EL TAJ"
"VIVAT","VIVAT"
"PROBAR","PROBAR"
"INFUSION","INFUSION"
"DONA OLIVA","DONA OLIVA"
"BOUVARD","BOUVARD"
"LIZI'S","LIZI'S"
"XXX","XXX"
"LESAFFRE","LESAFFRE"
"MEME GEORG","MEME GEORG"
"GARDEL","GARDEL"
"A MODO MIO","A MODO MIO"
"DOM DUARTE","DOM DUARTE"
"MAUREL","MAUREL"
"GALLO","GALLO"
"LA COCA","LA COCA"
"DON MIGUEL","DON MIGUEL"
"YUM YUM","YUM YUM"
"L'OR EXPR.","L'OR EXPR."
"CACAROLA","CACAROLA"
"PINTO","PINTO"
"FLUFF","FLUFF"
"PORC 71","PORC 71"
"CRAVENCO","CRAVENCO"
"VETOCANIS","VETOCANIS"
"XLTECH","XLTECH"
"FRUISS BIO","FRUISS BIO"
"PAR'MIL","PAR'MIL"
"FRANCETTE","FRANCETTE"
"PAULETTE","PAULETTE"
"DIVERSEYL","DIVERSEYL"
"CAROLA","CAROLA"
"VARICHON","VARICHON"
"PURE LEAF","PURE LEAF"
"VIEILLE AB","VIEILLE AB"
"SOLEADA","SOLEADA"
"CARREL","CARREL"
"WOW","WOW"
"SULTANA","SULTANA"
"MFP POULAI","MFP POULAI"
"PLEIN FRUI","PLEIN FRUI"
"NOVASTYL","NOVASTYL"
"GOUTERS MAG","GOUTERS MAG"
"MEDITERRANE","MEDITERRANE"
"INTERSNACK ","INTERSNACK "
"GRAND COMPT","GRAND COMPT"
"JDE FR SAS","JDE FR SAS"
"BRULERIE HA","BRULERIE HA"
"L'OR","L'OR"
"DRINKYZ ALT","DRINKYZ ALT"
"CARRE SUISS","CARRE SUISS"
"LA PATELIERE","LA PATELIERE"
"YARDEN JUS ","YARDEN JUS "
"NUTRITION &","NUTRITION &"
"NUTRITION & SANTE","NUTRITION & SANTE"
"DR SCHAR FR","DR SCHAR FR"
"AGRIBERIA S","AGRIBERIA S"
"CAMARGUE PR","CAMARGUE PR"
"SDV ","SDV "
"SAFIA SAS","SAFIA SAS"
"SOUFFLET","SOUFFLET"
"CARGILL OIL","CARGILL OIL"
"TRAM","TRAM"
"GEORGELIN C","GEORGELIN C"
"APICULTEURS ASSOCIES","APICULTEURS ASSOCIES"
"CONSERVERI ","CONSERVERI "
"NUTRISCIENCE","NUTRISCIENCE"
"VIARD CIDRE","VIARD CIDRE"
"BAVARIA FRA","BAVARIA FRA"
"CSR SA","CSR SA"
"BREAVOINE M","BREAVOINE M"
"DIFCOM","DIFCOM"
"BRASSERIE G","BRASSERIE G"
"ASAHI UK LI","ASAHI UK LI"
" EN"," EN"
"INTERNATION","INTERNATION"
"CAVES DE GR","CAVES DE GR"
"GRATIEN MEY","GRATIEN MEY"
"CHATEAU MON FERAY","CHATEAU MON FERAY"
"CLAEYSSENS ","CLAEYSSENS "
"VEDRENNE PA","VEDRENNE PA"
"LA MARTINIQUE","LA MARTINIQUE"
"DIS","DIS"
"MHD MOET HE","MHD MOET HE"
"MAISON DU WHISKY","MAISON DU WHISKY"
"MALHER BESS","MALHER BESS"
"ROTHSCHILD ","ROTHSCHILD "
"MIBELLE GRO","MIBELLE GRO"
"RECKITT-BEN","RECKITT-BEN"
"CRISTALINAS","CRISTALINAS"
"SCA HYGIENE","SCA HYGIENE"
"FAST BEAUTY","FAST BEAUTY"
"PUBLI EMBAL","PUBLI EMBAL"
"SOPANO","SOPANO"
"PLAST EMBAL","PLAST EMBAL"
"DEREN ET CI","DEREN ET CI"
"SABERT EURO","SABERT EURO"
"NATURE & CI","NATURE & CI"
"COSTA MEERS","COSTA MEERS"
"TOMDIS","TOMDIS"
"CELTIGEL","CELTIGEL"
"FOO","FOO"
"OUIFOODS","OUIFOODS"
"ROLPH AND R","ROLPH AND R"
"PASQUIER GI","PASQUIER GI"
"ANGELYS L","ANGELYS L"
"TERRES BLEU","TERRES BLEU"
"FRIGEXQUIS","FRIGEXQUIS"
"GLACIERE NA","GLACIERE NA"
"BIONATIS","BIONATIS"
"BIOFOURNIL","BIOFOURNIL"
"GRAIN D'OR ","GRAIN D'OR "
"ALTERFOODIE","ALTERFOODIE"
"CHARLES & ALICE","CHARLES & ALICE"
"JFD JUS FRA","JFD JUS FRA"
"SOUPOLOGIE","SOUPOLOGIE"
"CIPF CODIPA","CIPF CODIPA"
"SAPRESTI TR","SAPRESTI TR"
"MONTERRAT R","MONTERRAT R"
"KING SEA FO","KING SEA FO"
"MYTILIMER P","MYTILIMER P"
"GALLIANCE V","GALLIANCE V"
"DELMOND FOI","DELMOND FOI"
"LOEUL PIRIOT","LOEUL PIRIOT"
"COOPERL ARC","COOPERL ARC"
"DEBROAS SAU","DEBROAS SAU"
"FOOD IMPACT","FOOD IMPACT"
"NAIVE FOOD","NAIVE FOOD"
"GOURMETS DE","GOURMETS DE"
"MATOCQ FROM","MATOCQ FROM"
"AFFINIA LAC","AFFINIA LAC"
"BRIOCHE ET ","BRIOCHE ET "
"LIGHTBODY E","LIGHTBODY E"
"CHOCOLATREE","CHOCOLATREE"
"ETS DURU","ETS DURU"
"NATURA FOOD","NATURA FOOD"
"ANECOOP France","ANECOOP France"
"NESQUICK","NESQUICK"
"FRUISS SS","FRUISS SS"
"OTIO","OTIO"
"BARBIER","BARBIER"
"MA TRADITI","MA TRADITI"
"RICORE","RICORE"
"CAFE ROY E","CAFE ROY E"
"OR ESPRESS","OR ESPRESS"
"CAFE ROY D","CAFE ROY D"
"PICUEZO","PICUEZO"
"VELOUR NR","VELOUR NR"
"FOSS","FOSS"
"VALS","VALS"
"RHUM HSE","RHUM HSE"
"GLOSS","GLOSS"
"FR.CHERBLA","FR.CHERBLA"
"BIO","BIO"
"DOLCE GUST","DOLCE GUST"
"MONTFLEURI","MONTFLEURI"
"CREPE BROC","CREPE BROC"
"NESTLE LAI","NESTLE LAI"
"HOME EQUIP","HOME EQUIP"
"S. COMPRIS","S. COMPRIS"
"KAMBIO","KAMBIO"
"COSTES","COSTES"
"LIPTON ESP","LIPTON ESP"
"BAIKO","BAIKO"
"LCS MICELL","LCS MICELL"
"PEGUET SAV","PEGUET SAV"
"H.RAFFIN","H.RAFFIN"
"BARMON'S","BARMON'S"
"BIONADE","BIONADE"
"BIONAT","BIONAT"
"LES FAYES","LES FAYES"
"CAFE ROY S","CAFE ROY S"
"ERSTEIN","ERSTEIN"
"M.COLOMBUS","M.COLOMBUS"
"BEYOND","BEYOND"
"KERGUILLET","KERGUILLET"
"MORIN","MORIN"
"NAT.OCEANE","NAT.OCEANE"
"SIMOS","SIMOS"
"BONTA DIVI","BONTA DIVI"
"LCS AGE UL","LCS AGE UL"
"MAES","MAES"
"GD SALOIR","GD SALOIR"
"GINGER BEE","GINGER BEE"
"TWINNINGS","TWINNINGS"
"TEMPLE OR","TEMPLE OR"
"SOJABIO","SOJABIO"
"BRESSANE","BRESSANE"
"F.COLLET","F.COLLET"
"PECHALOU","PECHALOU"
"MANDINE","MANDINE"
"S.O CAFE","S.O CAFE"
"KAYA TEA","KAYA TEA"
"AJINOMOTO","AJINOMOTO"
"SPECIAL TE","SPECIAL TE"
"LACROIXCH","LACROIXCH"
"KIND.SURP","KIND.SURP"
"VERYS","VERYS"
"H.REITZEL","H.REITZEL"
"NATURE ET","NATURE ET"
"J.MAES","J.MAES"
"AUTHENTIC","AUTHENTIC"
"FRIYA SEED","FRIYA SEED"
"TAILLEFIN.","TAILLEFIN."
"L OREAL","L OREAL"
"POCHAT","POCHAT"
"BERRY COMP","BERRY COMP"
"COOP LAIT.","COOP LAIT."
"FERRERO.F","FERRERO.F"
"CEREAL","CEREAL"
"MOUETTE AR","MOUETTE AR"
"FINLANDIA","FINLANDIA"
"HEROIC SPO","HEROIC SPO"
"UMAI CHA","UMAI CHA"
"DENTALIFE","DENTALIFE"
"CLEAR BLUE","CLEAR BLUE"
"JBL","JBL"
"LE CARAMEL","LE CARAMEL"
"MIELCRETET","MIELCRETET"
"HELIOR","HELIOR"
"PETIT VEND","PETIT VEND"
"SAGRES","SAGRES"
"CHAMBON","CHAMBON"
"SINGHA","SINGHA"
"VERNEUIL","VERNEUIL"
"GILLET","GILLET"
"CHOCAPIC C","CHOCAPIC C"
"LION CEREA","LION CEREA"
"EUROPE D.P","EUROPE D.P"
"MENOU","MENOU"
"GRANAROLO","GRANAROLO"
"MONA LISA","MONA LISA"
"ROY RENE","ROY RENE"
"SOMABIO","SOMABIO"
"SANS MEDAI","SANS MEDAI"
"INFUZ","INFUZ"
"MONT DARRE","MONT DARRE"
"KLINDO","KLINDO"
"MICHELIN","MICHELIN"
"LAIT'SPRIT ","LAIT'SPRIT "
"SAS AGRI SE","SAS AGRI SE"
"CARREFOUR SELEC","CARREFOUR SELEC"
"DUCOURTIEUX","DUCOURTIEUX"
"BERGAMS","BERGAMS"
"L'OR ESPRESSO","L'OR ESPRESSO"
"VELOUR NOIR","VELOUR NOIR"
"GOLD GRAHAM","GOLD GRAHAM"
"KELLOGG4S","KELLOGG4S"
"SAINTT LOUIS","SAINTT LOUIS"
"CLASSIC FOOD","CLASSIC FOOD"
"C?UR DE BLE","C?UR DE BLE"
"GRUAU D'OR","GRUAU D'OR"
"MOLINI PIVERT","MOLINI PIVERT"
"MOLINO PASI","MOLINO PASI"
"PASTA & ARO","PASTA & ARO"
"MOUETTE ARVOR","MOUETTE ARVOR"
"POTAGER BIO","POTAGER BIO"
"COLOMB","COLOMB"
"BAILLY","BAILLY"
"SIRACUSE FR","SIRACUSE FR"
"SABAROT WAS","SABAROT WAS"
"TL FOOD","TL FOOD"
"RAYNAL ET ROQUELAURE","RAYNAL ET ROQUELAURE"
"JEAN MARTIN","JEAN MARTIN"
"CANDIA B","CANDIA B"
"BBB SARL","BBB SARL"
"PEPSICO","PEPSICO"
"GEYER FRERE","GEYER FRERE"
"I DEAL","I DEAL"
"PLEIN FRUIT","PLEIN FRUIT"
"BAVARIA FRANCE","BAVARIA FRANCE"
"BRASSERIE D","BRASSERIE D"
"AB INBEV FR","AB INBEV FR"
"PARIS STORE DISTRIB","PARIS STORE DISTRIB"
"E.M.VELLEMI","E.M.VELLEMI"
"BOUBEE JOHANES","BOUBEE JOHANES"
"DVP","DVP"
"LES CAVES P","LES CAVES P"
"FERNET BRANC","FERNET BRANC"
"WILLIAM PITTERS.","WILLIAM PITTERS."
"CSF","CSF"
"C?UR CHAUFFE","C?UR CHAUFFE"
"DOMAINE BELLEVUE","DOMAINE BELLEVUE"
"FRANCE LIQUEUR","FRANCE LIQUEUR"
"GLENKINCHIE","GLENKINCHIE"
"WARENGHEM","WARENGHEM"
"PROCTER & GAMBLE","PROCTER & GAMBLE"
"WINGO","WINGO"
"PROVENCE ORAP","PROVENCE ORAP"
"KIMBERLY CLARKE","KIMBERLY CLARKE"
"JEAN LOUIS DAVID","JEAN LOUIS DAVID"
"ARC","ARC"
"FRANCE DAY","FRANCE DAY"
"PIZZA MANOSQUE","PIZZA MANOSQUE"
"SAS PAM","SAS PAM"
"ZEN&SS GLUE","ZEN&SS GLUE"
"FRANCAISE DE GASTRONOMIE RESTA","FRANCAISE DE GASTRONOMIE RESTA"
"GIMBERT OCEAN","GIMBERT OCEAN"
"TRAITEUR CORNOUAILLES","TRAITEUR CORNOUAILLES"
"BIONOOR","BIONOOR"
"AGRISTO","AGRISTO"
"MOY PARK FR","MOY PARK FR"
"JEUNE MONTA","JEUNE MONTA"
"AJINOMOTO F","AJINOMOTO F"
"COUP DE FOOD","COUP DE FOOD"
"H?AGEN-DAZS","H?AGEN-DAZS"
"OTANTIC","OTANTIC"
"SARL TAGLAB","SARL TAGLAB"
"VANDEMOORTE","VANDEMOORTE"
"LABORATOIRE","LABORATOIRE"
"VANDEMOORTELLE","VANDEMOORTELLE"
"DANONINO","DANONINO"
"PETIT GERVAIS","PETIT GERVAIS"
"LAITERIE KE","LAITERIE KE"
"NOSSA FRUIT","NOSSA FRUIT"
"LAITERIE LA","LAITERIE LA"
"NATURE BIO","NATURE BIO"
"LE SOJAMI","LE SOJAMI"
"GRANS JURY","GRANS JURY"
"CRUDI D'ITA","CRUDI D'ITA"
"LE POTAGER ","LE POTAGER "
"GRAND JURY TOUT PR?T","GRAND JURY TOUT PR?T"
"CARREFOUR BON APPETIT JUNIOR","CARREFOUR BON APPETIT JUNIOR"
"CARREFOUR F BAP JUNIOR","CARREFOUR F BAP JUNIOR"
"FJORD KING","FJORD KING"
"NATURE OCEANE","NATURE OCEANE"
"ELIVIA SAS","ELIVIA SAS"
"JEAN  FLOCH","JEAN  FLOCH"
"MFP","MFP"
"MFP POULAILLER","MFP POULAILLER"
"APC FOOD SP","APC FOOD SP"
"DUCALE CHIP","DUCALE CHIP"
"CHARCUTERIE","CHARCUTERIE"
"FINCA DEL J","FINCA DEL J"
"SPECIALITES","SPECIALITES"
"GRAND SALOIR","GRAND SALOIR"
"COOP LAITIERE","COOP LAITIERE"
"CHEVENET SN","CHEVENET SN"
"PCB CREATION","PCB CREATION"
"CAMA SERVIC","CAMA SERVIC"
"TROPIC APERO","TROPIC APERO"
"SMACKS","SMACKS"
"RICE KRISP","RICE KRISP"
"WIKE FARMS","WIKE FARMS"
"SIGDAL","SIGDAL"
"CLUSTER CE","CLUSTER CE"
"CRUNCH.MUE","CRUNCH.MUE"
"COCO POPS","COCO POPS"
"BELM.CAP","BELM.CAP"
"RACHEL'S H","RACHEL'S H"
"FROSTIES","FROSTIES"
"MIEL POPS","MIEL POPS"
"GALLER","GALLER"
"COTE MIEL","COTE MIEL"
"CORN FLAKE","CORN FLAKE"
"MULIN BESA","MULIN BESA"
"MORNFLAKE","MORNFLAKE"
"SPEYSIDE","SPEYSIDE"
"ALL BRAN","ALL BRAN"
"MN","MN"
"LIBEERT","LIBEERT"
"HERBOFIX","HERBOFIX"
"CE QUAKER","CE QUAKER"
"LOISON","LOISON"
"PICANDINE","PICANDINE"
"MEO COLOMB","MEO COLOMB"
"NATURE VAL","NATURE VAL"
"D.PROVENCE","D.PROVENCE"
"POSS","POSS"
"IN","IN"
"BIOSAURUS","BIOSAURUS"
"CARRE SUISSE","CARRE SUISSE"
"PREMIER PRIX","PREMIER PRIX"
"C'EST QUI LE PATRON","C'EST QUI LE PATRON"
"TROPICAL","TROPICAL"
"MILLION","MILLION"
"ONEGUM","ONEGUM"
"VICTORIA","VICTORIA"
"BEBO","BEBO"
"WHAT A MELON","WHAT A MELON"
"TAO","TAO"
"DUPONT","DUPONT"
"PAIX DIEU","PAIX DIEU"
"FIJI","FIJI"
"DEPEND","DEPEND"
"VEGETALE","VEGETALE"
"POUR MOI","POUR MOI"
"Marque","Marque"
"BERETTA","BERETTA"
"VEDETTE","VEDETTE"
"CHARCUPAC","CHARCUPAC"
"VIN DE PAYS","VIN DE PAYS"
"EURO PACKAG","EURO PACKAG"
"ARTEMBAL SA","ARTEMBAL SA"
"BIOFOOD TOU","BIOFOOD TOU"
"UNIBAKE","UNIBAKE"
"SPHERE ESPA","SPHERE ESPA"
"SANDORGEL","SANDORGEL"
"FRIODIS SA","FRIODIS SA"
"GERBE SAVOY","GERBE SAVOY"
"FLEURY MICH","FLEURY MICH"
"SANSBOEUF","SANSBOEUF"
"CHECKPOINT","CHECKPOINT"
"CHATEAU BLA","CHATEAU BLA"
"PETIT VENDEEN","PETIT VENDEEN"
"LABEYRIE TR","LABEYRIE TR"
"CBH SARL","CBH SARL"
"LPA SAS","LPA SAS"
"CASTELLI FR","CASTELLI FR"
"SNC POITREY","SNC POITREY"
"SOCOPAT PON","SOCOPAT PON"
"SOURCE PARO","SOURCE PARO"
"COMPAGNIE M","COMPAGNIE M"
"PAPILLON FR","PAPILLON FR"
"EUROPA SWEE","EUROPA SWEE"
"FONTENEAU G","FONTENEAU G"
"EURIAL","EURIAL"
"ENTREMONT A","ENTREMONT A"
"SALLES FRER","SALLES FRER"
"GERS DISTRI","GERS DISTRI"
"PAPETERIE D","PAPETERIE D"
"ROSE TUNIS","ROSE TUNIS"
"AQUALANDE","AQUALANDE"
"ERHARD PATI","ERHARD PATI"
"GAST STE NO","GAST STE NO"
"PCB CREATIO","PCB CREATIO"
"HUHTAMAKI F","HUHTAMAKI F"
"MP HYGIENE","MP HYGIENE"
"AQUITAINE S","AQUITAINE S"
"SPHERE FRAN","SPHERE FRAN"
"CONSERVES F","CONSERVES F"
"REGALS DE B","REGALS DE B"
"IONE DE TOI","IONE DE TOI"
"JACQUET BRO","JACQUET BRO"
"FRIAL S.A","FRIAL S.A"
"ALPES FRAIS","ALPES FRAIS"
"DUCAMP","DUCAMP"
"TOTAL LUB G","TOTAL LUB G"
"CHATEAU MON","CHATEAU MON"
"AMBROSI EMM","AMBROSI EMM"
"SALMON EST","SALMON EST"
"BERNARD JEA","BERNARD JEA"
"DIADEZ FRAN","DIADEZ FRAN"
"BRINDELICES","BRINDELICES"
"GUANGDONG F","GUANGDONG F"
"KIMBERLY CL","KIMBERLY CL"
"TRIOMPH","TRIOMPH"
"SAS CERECO","SAS CERECO"
"CHARC.GOUR","CHARC.GOUR"
"JR","JR"
"PONT PIERR","PONT PIERR"
"SWIS.DELIC","SWIS.DELIC"
"CARREFOUR H","CARREFOUR H"
"ALICE&BIO","ALICE&BIO"
"ZHEJIANG MU","ZHEJIANG MU"
"TEURGOULE","TEURGOULE"
"ITALI.SAV.","ITALI.SAV."
"SAEGB","SAEGB"
"CONFIT DE P","CONFIT DE P"
"DANONE FT","DANONE FT"
"UN AIR D'IC","UN AIR D'IC"
"FLEXICO","FLEXICO"
"BJORG ET CO","BJORG ET CO"
"SCEL O FRA","SCEL O FRA"
"B.BLUE","B.BLUE"
"TABASCO","TABASCO"
"HERBAMARE","HERBAMARE"