CARREFOUR,CARREFOUR,,
YOPLAIT,YOPA,,
LAITIERE M,LAITIERE DE LA MOTTE,,
MAMIE NOVA,MAMIE NOVA,,
GRAND JURY,GRAND JURY,,
MALO,MALO,,
GD JURY,GRAND JURY,,
DANONE NAT,DANONE,,
...,NULL,,
DANONE,PETITS GERVAIS,,
CARREF BIO,CARREFOUR BIO,,
VRAI,VRAI,,
.,NULL,,
LA LAITIER,LA LAITIERE,,
FERM.PEUPL,FERME DES PEUPLIERS,,
FERM.MANEG,FERMIER MANEGE,,
VELOUTE,VELOUTE FRUIX,,
.,,,
CRF LIGHT,CARREFOUR LIGHT,,
TAILLEFINE,TAILLEFINE,,
SVELTESSE,SVELTESSE,,
CRF BIO,CARREFOUR BIO,,
NESTLE,KIT KAT,,
SOIGNON,SOIGNON,,
PETIT BASQ,PETIT BASQUE,,
RIANS,RIANS,,
DANACOL,DANACOL,,
ACTIVIA,ACTIVIA,,
ACTIMEL,ACTIMEL,,
1ER PRIX,1ER PRIX,,
BON.MAMAN,BONNE MAMAN,,
LA FERMIER,LA FERMIERE,,
BONNE MAMA,BONNE MAMAN,,
..,NULL,,
G.JURY,GRAND JURY,,
DANIO,DANIO,,
GERVAIS,PETITS GERVAIS,,
CRF KIDS,CARREFOUR KIDS,,
R.CREMEUSE,DANONE,,
PP BLANC,1er Prix ,,
SAVOIE YAO,SAVOIE YAOURT,,
LES 2 VACH,LES 2 VACHES,,
BIO NAT,BIO NAT,,
MICHEL AUG,MICHEL & AUGUSTIN,,
STARBUCK,STARBUCK,,
MICHEL&AUG,MICHEL & AUGUSTIN,,
SOJASUN,SOJASUN,,
PTIT PLAIS,PTIT PLAISIR,,
DANY,DANY,,
VIENNOIS,VIENNOIS,,
CRF,CARREFOUR,,
DANETTE,DANETTE,,
LAITIERE,LA LAITIERE,,
AFTER EIGH,AFTER EIGHT,,
CRF SELEC,CARREFOUR SELECTION,,
MARI.MORIN,MARIE MORIN,,
CRF BON AP,CARREFOUR BON APPETIT,,
B.MAMAN,BONNE MAMAN,,
GDJU PREMI,GRAND JURY PREMIUM,,
CAMBREMER,CAMBREMER,,
JANVILLE,JANVILLE,,
DESSERT JO,DESSERT JO,,
FLANBY,FLANBY,,
ANDROS,ANDROS,,
CHARLES,CHARLES&ALICE,,
GU,GU CHOCOLAT,,
RENSOW LTD,RENSOW LTD,,
CRF EXOTIQ,CARREFOUR EXOTIQUE,,
PASQUIER,PASQUIER,,
KINDER,KINDER,,
EVEN,EVEN,,
PETITS SUI,PETITS SUISSES,,
NO NAME,1er Prix ,,
NESQUIK,NESQUIK,,
PTT GERVAI,PETITS GERVAIS,,
SMARTIES,SMARTIES,,
REO,REO,,
JOCKEY,JOCKEY,,
JOCKEY(D),JOCKEY,,
REFLETS,REFLETS DE France,,
COTTAGE,COTTAGE,,
FJORD,FJORD,,
GERVITA,GERVITA,,
ELLE & VIR,ELLE & VIRE,,
GRAINDORGE,GRAINDORGE,,
PRESIDENT,BRIDEL,,
ISIGNY,ISIGNY,,
LE GALL,LE GALL,,
BRIDELICE,BRIDELICE,,
BRIDELIGHT,BRIDELIGHT,,
MAILLE,MAILLE,,
INNOCENT,INNOCENT,,
ALVALLE,ALVALLE,,
TROPICANA,TROPICANA,,
DANAO,DANAO,,
VITA COCO,VITA COCO,,
SUN.DELIGH,SUNNY DELIGHT,,
J.GILLOT,J.GILLOT,,
BRIDEL,BRIDEL,,
CANDIA,CANDIA,,
BOCAG.NORM,BOCAGE NORMAND,,
GRANDLAIT,GRANDLAIT,,
LACTEL,LACTEL,,
BIOLAIT,BIOLAIT,,
VAUBERNIER,1er Prix ,,
SURGERES,SURGERES,,
GRAND FERM,GRAND FERMAGE,,
PAYSAN BRE,PAYSAN BRETON,,
CORALIS,CORALIS,,
VOILIER,VOILIER,,
LE MARIN,CELIA,,
ASTRA,ASTRA,,
FRUIT D'OR,PRO ACTIV,,
PLANTA FIN,PLANTA FIN,,
PRIMEVERE,PRIMEVERE,,
ST HUBERT,SAINT HUBERT,,
LE FLEURIE,LE FLEURIER,,
VEGETALINE,VEGETALINE,,
VALCO,VALCO,,
AGRILAIT,AGRILAIT,,
SILHOUET.,SILHOUETTE,,
M.LEGER,MATIN LEGER,,
CANDY'UP,CANDY'UP,,
BANANI,BANANIA,,
VIVA,VIVA,,
SPORTEUS,SPORTEUS,,
EVEIL,LACTALIS,,
LUSTUCRU,LUSTUCRU,,
COCORETTE,COCORETTE,,
LOUE,LOUE,,
OEUF GASCO,OEUF GASCOGNE,,
OEUF VILLA,OEUF VILLA,,
MATINES,MATINES,,
LE CLOS ST,LE CLOS ST,,
PAYSANGE,PAYSANGE,,
COEUR DE L,COEUR DE LION,,
BON MAYENN,BON MAYENNAIS,,
LE RUSTIQU,LE RUSTIQUE,,
GILLOT,GILLOT,,
PLESSIS FR,PLESSIS,,
P.NORMAND,PETIT NORMAND,,
BERTRAND,BERTRAND,,
LEPETIT,LEPETIT,,
LANQUETOT,LANQUETOT,,
ERMITAGE,ERMITAGE,,
PLESSIS,PLESSIS,,
MOTTIN,MOTTIN,,
PAVE D'AFF,PAVE D'AFFINOIS,,
BOURSAULT,BOURSAULT,,
CAPRICE DE,CAPRICE DES DIEUX,,
COEUR DE B,CŒUR DE BLE,,
FAUQUET,FAUQUET,,
VIEUX PANE,VIEUX PANE,,
ST ALBRAY,SAINT ALBRAY,,
CHAUMES,ETORKI,,
ENTREMONT,ENTREMONT,,
MEULE D'OR,MEULE D'OR,,
GALBANI,GALBANI,,
FERRARI G,FERRARI G,,
CASA AZZUR,CASA AZZURRA,,
TREO,TREO,,
PARMAREGGI,PARMAREGGI,,
LEERDAMER,LEERDAMER,,
CENTURION,CENTURION,,
LEFFE,ABBAYE DE LEFFE,,
JURAFLORE,JURAFLORE,,
BOULE D OR,BOULE D'OR,,
ISTARA,ISTARA,,
CAPITOUL,CAPITOUL,,
LE POCHAT,LE POCHAT,,
RICHES MON,RICHES MONTS,,
ETORKI,ETORKI,,
TRIBALLAT,TRIBALLAT,,
CHAUSSEE A,CHAUSSEE AUX MOINES,,
WYKE FARMS,WYKE FARMS,,
COUSTERON,COUSTERON,,
PORT SALUT,PORT SALUT,,
CATHEDRAL,CATHEDRAL,,
MERZER,MERZER,,
BABYBEL,BABYBEL,,
CRF SHIELD,CARREFOUR SHIELD,,
CHAVROUX,CHAVROUX,,
SAINT LOUP,SAINT LOUP,,
PETIT BILL,PETIT BILLY,,
CHEVRETINE,CHEVRETINE,,
LOU PERAC,RIGAL,,
RIGAL,RIGAL,,
BREBIOU,BREBIOU,,
ETO.QUERCY,ETO.QUERCY,,
BRESSE BLE,BRESSE BLEU,,
SOCIETE,ROQUEFORT SOCIETE,,
SAINT AGUR,SAINT AGUR,,
SOCIET.CRE,ROQUEFORT SOCIETE,,
FOL EPI,FOL EPI,,
LA VACHE Q,LA VACHE QUI RIT,,
CRF DISNEY,CARREFOUR DISNEY,,
FICELLO,FICELLO,,
SYLPHIDE,SYLPHIDE,,
KIRI,KIRI,,
P'TIT LOUI,P'TIT LOUIS,,
KIDIBOO,KIDIBOO,,
SALAKIS,SALAKIS,,
ST MORET,SAINT MORET,,
PHILADELPH,PHILADELPHIA,,
CARRE FRAI,CARRE FRAIS,,
RONDELE,RONDELE,,
TARTARE,TARTARE,,
BOURSIN,BOURSIN,,
PER INTER,PER INTER,,
VALCREST,VALCREST,,
ST AMOUR,SAINT AMOUR,,
BAILLON,BAILLON,,
APERICUBE,APERICUBE BEL,,
APERIVRAIS,APERIVRAIS,,
MILDE,MILDE,,
A.B.C.D,A.B.C.D.,,
HERTA,HERTA,,
CRF-CDM,CARREFOUR CDM,,
FLEURY MIC,FLEURY MICHON,,
FLEURY,FLEURY MICHON,,
MADRANGE,MADRANGE,,
CITTERIO,CITTERIO,,
PETITGAS,PETITGAS,,
STOEFFLER,STOEFFLER,,
JEAN CABY,JEAN CABY,,
ESPUNA,ESPUNA,,
AMAND TERR,AMAND TERRINE,,
LEMELLE,LEMELLE,,
SAVEUR-AUG,SAVEUR D'AUGE,,
PRUNIER,PRUNIER,,
GUYADER,GUYADER,,
BD.CHESNEL,BORDEAUX CHESNEL,,
ALBERT LHU,BORDEAUX CHESNEL,,
BAHIER,BAHIER,,
BORDEAUX C,BORDEAUX CHESNEL,,
F.MESNIL,FERME DU MESNIL,,
AOSTE,ALTER ECO,,
DELPEYRAT,DELPEYRAT,,
ROCHES BLC,ROCHES BLANCHES,,
COCHONOU,COCHONOU,,
JUSTIN BRI,JUSTIN BRIDOU,,
ROCHES,ROCHES BLANCHES,,
ST AGAUNE,SAINT AGAUNE,,
JUST.BRIDO,JUSTIN BRIDOU,,
J.BRIDOU,JUSTIN BRIDOU,,
ISLA DELIC,ISLA DELICE,,
MORONI,MORONI,,
FRAIS DEVA,FRAIS DEVAN,,
BJR CAMPAG,BONJOUR CAMPAGNE,,
1,1er Prix ,,
PAILLARD,PAILLARD,,
LABEYRIE,LABEYRIE,,
LARTIG.&.F,LARTIG.&.F,,
MONTAGNE N,MONTAGNE NOIRE,,
MONTAG.NRE,MONTAGNE NOIRE,,
TOURNEBON,TOURNEBON,,
MARTINET,1er Prix ,,
MONTERRAT,1er Prix ,,
MIX BUFFET,MIX BUFFET,,
DAUNAT,DAUNAT,,
SODEBO,SODEBO,,
CRF AGIR,CARREFOUR AGIR,,
BONDUELLE,ROYAL CHAMPIGNON,,
CRF BAP JR,CARREFOUR BAP JR,,
MARIE,MARIE,,
TRADI.ASIE,TRADITION ASIE,,
COTE BIO,COTE BIO,,
PERE DODU,1er Prix ,,
LE GAULOIS,LE GAULOIS,,
A.DE BLINI,BLINI,,
JARDIN BIO,JARDIN BIOLOGIQUE,,
BLINI,BLINI,,
PERE OLIVE,PERE OLIVE,,
TIPIAK,PETIT NAVIRE,,
TE GUSTA,TE GUSTA,,
REGHALAL,S.N.V,,
PANZANI,PANZANI,,
CROUSTIPAT,CROUSTIPAT,,
GDJU TOUTP,GRAND JURY TOUT PRÊT,,
DAUNATURE,DAUNATURE,,
CEREAL BIO,CEREAL BIO,,
PAST.ANGEL,PASTA DI ANGELO,,
GD JURY.,GRAND JURY,,
RANA,RANA,,
SAINT JEAN,SAINT JEAN,,
ECOCHARD,ECOCHARD,,
MCCAIN,MAC CAIN,,
WEIGHT.WAT,WEIGHT WATCHERS,,
WEIGHT WAT,WEIGHT WATCHERS,,
VEGGIE,CARREFOUR,,
LUANG,LUANG,,
MERE POULA,MERE POULARD,,
TARTEFRAIS,TARTEFRAIS,,
Y.BRETAGNE,Y.BRETAGNE,,
POULARD,MERE POULARD,,
DESSAINT D,DESSAINT ,,
ISLA MOND.,ISLA MONDIAL,,
NOUR,NOUR,,
MAAYANE,MAAYANE,,
OF TOV,OF TOV,,
HOD LAVAN,HOD LAVAN,,
ASS BLEUE,ASSIETTE BLEUE,,
ARMORIC,ARMORIC,,
DELPIERRE,DELPIERRE,,
WILL&JAMES,WILL&JAMES,,
GDJURY BIO,GRAND JURY BIO,,
CH.DELGOVE,CHARLES DELGOVE,,
LANDVIKA,LANDVIKA,,
OVIVE,OVIVE,,
MERE ANGOT,MERE ANGOT,,
POLENGHI,POLENGHI,,
MONEGASQUE,LA MONEGASQUE,,
VANELLI,VANELLI,,
DELICEMER,DELICEMER,,
DELI.MONDE,DELICE MONDE,,
KRITSEN,KRITSEN,,
CAP OCEAN,CORAYA,,
CRUSTARMOR,CRUSTARMOR,,
SELEC.MARE,SELECTION MAREE,,
CORAYA,CORAYA,,
S.DUTRIAUX,S.DUTRIAUX,,
CRUSCANA,SCAN IMPORT,,
DOUCE FRAN,DOUCE France,,
NAT.FRANCE,NATURE FRANCE,,
MAITRE COQ,MAITRE COQ,,
D.FRANCE,DOUCE France,,
V.FRANCAIS,V.FRANCAIS,,
GASTRONOME,GASTRONOME,,
CRF HALAL,CARREFOUR HALAL,,
CUISINE&VR,CUISINE&VR,,
P.GUILLAUM,PÈRE GUILLAUME,,
BRET.LAPIN,BRET.LAPIN,,
LOEUL ET P,LOEUL ET PIRIOT,,
DUC,DUC,,
CHARAL,CHARAL,,
SOCOPA,SOCOPA,,
BIGARD,BIGARD,,
TENDRIADE,TENDRIADE,,
EQC,Marque Distributeur,,
MACQUET,MACQUET,,
BRASERADES,BRASERADES,,
MAITRE JAC,MAITRE JACQUES,,
FQC,ORIGINE & QUALITE,,
PEGASE,PEGASE,,
SELEC.GABY,SELEC.GABY,,
HENAFF,HENAFF,,
BRAT'S,BRAT'S,,
GENERIQUE,GENERIQUE,,
CLERMONT,CLERMONT,,
MORITZ,MORITZ,,
S.PRESSOIR,SALAISON PRESSOIR,,
COOPERL,COOPERL,,
BROCELIAND,BROCELIANDE,,
NEUTRE,NEUTRE,,
TENDR.PLUS,TENDRE PLUS,,
SOVIBA,SOVIBA,,
VOLBEL,VOLBEL,,
S.VOLAILLE,S.N.V,,
ARTCULINE,ARTCULINE,,
FINDUS,FINDUS,,
COMPTOIR M,COMPTOIR M,,
BUITONI,BUITONI,,
RISTORANTE,RISTORANTE,,
PIZ.MANOSQ,PIZZA DE MANOSQUE,,
ANCEL RIST,ANCEL RISTORANTE,,
DR SCHAR,DR SCHAR,,
DR OETKER,DR OETKER,,
GR.JURY,GRAND JURY,,
DEFROIDMON,DEFROIDMON,,
CIE.ARTIQU,CIE ARTIQUE,,
ALMONDY,ALMONDY,,
OUMMI,OUMMI,,
ORIENT.VDE,ORIENTAL VIANDE,,
KAUFFERS,KAUFFERS,,
EN CUISINE,EN CUISINE,,
MAC CAIN,MAC CAIN,,
FR.KEBAB,France KEBAB,,
CLASSIC F.,CLASSIC FOODS,,
LE TREFLE,LE TREFLE,,
MADERN,MADERN,,
VITACUIRE,VITACUIRE,,
T.PARIS,TRAITEUR DE PARIS,,
BERNADET,BERNADET,,
TR.CORNOUI,TRAITEUR CORNOUIAILLES,,
BONCOLAC,M.BONCOLAC,,
ESCAL,ESCAL,,
MAGGI,MAGGI,,
GOLFONUEVO,GOLFONUEVO,,
KAREA,KAREA,,
AMIGOS,AMIGOS,,
COSTA,COSTA,,
S.DISCOUNT,1er Prix ,,
GIMB.OCEAN,GIMB.OCEAN,,
YOOJI,YOOJI,,
IGLO,IGLO,,
CITE MARIN,CITE MARINE,,
GEL PECHE,GEL PECHE,,
SILVERSEA,SILVERSEA,,
FDG,FRANCAISE DE GASTRONOMIE,,
FDG RESTAU,FRANCAISE DE GASTRONOMIE RESTO,,
DELFIN,1er Prix ,,
PRE D AUGE,PRE D'AUGE,,
FR.GASTRON,FRANCAISE DE GASTRONOMIE,,
FDG EXCELL,FRANCAISE DE GASTRONOMIE,,
CROK'APERO,CROK'APERO,,
SILL ARTIQ,SILL ARTIQUE,,
MAREVAL,MAREVAL,,
F.BUTCHER,F.BUTCHER,,
ORIENT HAL,ORIENT HALAL,,
MADHIA,MADHIA,,
J. FLOCH,JEAN FLOCH,,
MOY PARK,MOY PARK FRANCE,,
PURE SOUTH,PURE SOUTH,,
ALSALOR,ALSALOR,,
DEFIAL,DEFIAL AILLY,,
MONTFORT,MONTFORT,,
MAHDIA,MAHDIA,,
SANS MEDAI,SANS MEDAI,,
POM BISTRO,POM BISTROT,,
D'AUCY,D'AUCY,,
MAGDA,MAGDA,,
AMY.KITCH.,AMY KITCHEN,,
GYMA,GYMA,,
CHAMPICEP,CHAMPICEP,,
MARKAGEL,MARKAGEL,,
BARILLA,BARILLA,,
MARIE.,MARIE,,
CRF DISC.,CARREFOUR DISCOUNT,,
M.BONCOLAC,BONCOLAC,,
FAUCHON,FAUCHON,,
PROMOCASH,PROMOCASH,,
DELIFRANCE,DELIFRANCE,,
COLORADO C,COLORADO C,,
ERHARD,ERHARD,,
FOURNIL FR,FOURNIL FRANCE,,
DUTEIL,DUTEIL,,
KARA,KARA,,
BROSSARD,BROSSARD,,
BRIDOR,BRIDOR,,
BCS,BCS,,
RGE PARFUM,ROUGE PARFUM,,
DAREGAL,DAREGAL,,
LIGUEIL,LIGUEIL,,
MAESTRELLA,MAESTRELLA,,
CARTE D'OR,CARTE D'OR,,
CIGALINES,CIGALINES,,
TERRE BLEU,TERRE BLEU,,
L.ANGELYS,L.ANGELYS,,
HISTOIRE,HISTOIRE,,
F.NORMAND,FRUITS NORMANDS,,
HAAGEN-DAZ,HÄAGEN-DAZS,,
BEN&JERRY',BEN&JERRY'S,,
MILKA,MILKA,,
OREO,OREO,,
DAIM,DAIM,,
TOBLERONE,TOBLERONE,,
MAGNUM,MAGNUM,,
PULCO,PULCO,,
OASIS,OASIS,,
YETI,YETIGEL,,
DISNEY,DISNEY,,
HEARTBRAND,HEARTBRAND,,
GLACON DOC,GLACON DOC,,
CORNETTO,CORNETTO,,
SNICKERS,SNICKERS,,
MARS,MARS,,
TWIX,MARS,,
BOUNTY,BOUNTY,,
SMILEY,SMILEY,,
PILPA,PILPA,,
PILPA DESS,PILPA DESSERT,,
VIENNETTA,VIENNETTA,,
TALLEC,TALLEC,,
PREDAULT,PAUL PREDAULT,,
JBON BOCAG,JAMBON BOCAGE,,
CABY,CABY,,
MONTORSI,MONTORSI,,
LE JONQUAY,LE JONQUAY,,
WAGNER,WAGNER,,
A.LAURENT,ANDRE LAURENT,,
PREST.SART,PRESTIGE SART.,,
SANS,SANS,,
MERE LYONN,MERE LYONNAISE,,
BRIENT,BRIENT,,
COIN GOURM,COIN GOURMAND,,
DOM.PICARD,DOMAINE PICARD,,
REN.SAVEUR,REN.SAVEUR,,
GD VALLEE,GRAND VALLEE,,
LA BRESSE,LA BRESSE,,
SARTHOISES,BAHIER,,
M.COCHON,M.COCHON,,
SCHMIDT,SCHMIDT,,
ENTREE MER,ENTREE MER,,
GILTRAITEU,GILTRAITEUR,,
G.TRAITEUR,GILTRAITEUR,,
BOLARD,BOLARD,,
CHAMPION,CARREFOUR,,
RANDY,RANDY,,
SAPRESTI,SAPRESTI,,
DEL.ORIENT,DELICES D'ORIENT,,
PRODISAL,PRODISAL,,
AGIS,AGIS,,
STALAVEN,STALAVEN,,
NATIONALE,NATIONALE,,
CH.KELLER,CHARLES KELLER,,
RECETTECRF,RECETTE CARREFOUR,,
D.D ORIENT,DELICES D'ORIENT,,
TEGUSTA,TE GUSTA,,
APERO PASO,APERO PASO,,
REGALETTE,REGALETTE,,
MIDI TIELL,MIDI TIELLES,,
C'PIERRE,C'PIERRE,,
GALILEO,GALILEO,,
MDD,Marque Distributeur,,
PEKA FRESH,PEKA FRESH,,
PAUL PREDA,PAUL PREDAULT,,
NOEL ALIM,NOEL ALIMENTARIA,,
SS MARQUE,YARDEN,,
DEBROAS,DEBROAS,,
HAUT PAYS,HAUT PAYS,,
PERE BENOI,PERE BENOIT,,
RECETTE,RECETTE CARREFOUR,,
ISALI,ISALI,,
RERO,RERO,,
GYRDIS,GYRDIS,,
ROITELET,ROITELET,,
T.NORMANDI,TERRE NORMANDIE,,
JORT,JORT,,
MARIE HARE,MARIE HAREL,,
CHAMOIS D',CHAMOIS D'OR,,
FROM.AFFIN,FROMAGES AFFINES,,
LINCET,LINCET,,
MONTS JOUX,MONTS JOUX,,
ETOIL.VERC,ETOILE VERCORS,,
THEBAULT,THEBAULT,,
ROY.HOLLAN,ROYAL HOLLANDIA,,
FR.CHABERT,FROMAGE CHABERT,,
MIRAMONT,MIRAMONT,,
LIVRADOIS,FROMAGERE LIVRADOIS,,
DISCHAMP,DISCHAMP,,
T.AUVERGNE,TERRE AUVERGNE,,
ONETIK,ONETIK,,
JEANPERRIN,JEAN PERRIN,,
EDELMONT,EDELMONT,,
BREZAIN,BREZAIN,,
PTE PERCEE,PTE PERCEE,,
VERDANNET,VERDANNET,,
MONTS&TERR,MONTS & TERRE,,
SCHMIDHAUS,SCHMIDHAUSER,,
RIVOIR&JAC,RIVOIRE&JACQUEMIN,,
GD COMTOIS,GRAND COMTOIS,,
MN HOBBY,MN HOBBY,,
MIFROMA,MIFROMAGE,,
PAPILLON.,PAPILLON,,
LA MEMEE,LA MEMEE,,
CANTOREL,CANTOREL,,
ROCHEBARON,ROCHEBARON,,
CASTELLI,CASTELLI,,
JEAN FAUP,JEAN FAUP,,
FROM.DROME,FROMAGERIE LA DROME,,
ANJOUIN,ANJOUIN,,
FERME CRAY,FERME CRAY,,
SEVRE BELL,SEVRE BELL,,
LE VERNEUI,LE VERNEUIL,,
FROM.NEIGE,FROMAGERIE NEIGE,,
FROM.BANON,FROMAGERIE BANON,,
POITOU CHE,POITOU CHEVRE,,
FR.VERDIER,FROMAGERIE VERDIER,,
FROM'COEUR,FROM'COEUR,,
CORSICA,RIGAL,,
RAMBOL,RAMBOL,,
CHATEAU BL,CHATEAU BLANC,,
AM.DESSERT,AMERICAN DESSERTS,,
C.DESSERTS,C.DESSERTS,,
LAIT VICHY,LAIT VICHY,,
O'TAPAS,O'TAPAS,,
REC.CHAUDR,RECETTE CHAUDRON,,
PAPILLON,PAPILLON,,
O TAPAS,O TAPAS,,
V.D.MESNIL,FERME DU MESNIL,,
BRESSE,BRESSE,,
JANZE,JANZE,,
CHALLANS,CHALLANS,,
LEGEMMEUR,LEGEMMEUR,,
SPNP,SPNP,,
MICHEL ADR,MICHEL ADR,,
CULTIMER,CULTIMER,,
GRAIN OR,GRAIN OR,,
SAVOYARDE,GERBE SAVOYARDE,,
MENISSEZ,MENISSEZ,,
PANAVI,PANAVI,,
G.SAVOYARD,GERBE SAVOYARDE,,
GENIUS,GENIUS,,
DELIC.TOUR,DELICES DE LA TOUR,,
DELICES,DELICES,,
CSM FRANCE,CSM FRANCE,,
BERLIDON,BERLIDON,,
POPPIES,POPPIES FRANCE,,
SIMPSONS,SIMPSONS,,
FLOREPI,FLOREPI,,
PAT.KREMER,PATISSERIE KERMER,,
ERHARD PAT,ERHARD ,,
DELMOTTE,DELMOTTE,,
LIGHTBODY,LIGHTBODY,,
HEBERT,HEBERT,,
ASTRUC,ASTRUC,,
CACAOBARRY,CACAO BARRY,,
PATISFRANC,PATISFRANCE-PURATOS,,
ESCO,ESCO,,
M.PRUNILLE,MAITRE PRUNILLE,,
PETIT PRIX,PETIT PRIX,,
PRUNO DELI,PRUNO DELICE,,
SEEBERGER,SEEBERGER,,
PETIT PX,PETIT PRIX,,
DES.SAVEUR,DESTINATION SAVEURS,,
DACO BELLO,DACO BELLO,,
DOMINO,DOMINO,,
SUN,SUN PRO,,
FAVORITE,FAVORITE,,
SOUA SOUA,SOUA SOUA,,
SUN.,SUN,,
PTI PRIX,PETIT PRIX,,
M.FRT SEC,M.FRT SEC,,
BRUT COQUE,BRUT DE COQUES,,
REAL FRUIT,REAL FRUIT,,
O'SOLEIL,O'SOLEIL,,
EPICEA,EPICEA,,
VIDELYS,VIDELYS,,
OCEAN SPRA,OCEAN SPRAY,,
WONDERFUL,WONDERFUL,,
MOVIES POP,MOVIES POP,,
ALP'NOIX,ALP'NOIX,,
VALNOIX,VALNOIX,,
FLORETTE,FLORETTE,,
CRUDETTES,CRUDETTES,,
CZON,CZON,,
TROP.APERO,TROP.APERO,,
ENSOLEIL'A,ENSOLEIL'A,,
MILLE SUD,MILLE SUD,,
CROC FRAIS,CROC FRAIS,,
FRESH GOUR,FRESH GOUR,,
CREALINE,CREALINE,,
GREENSHOOT,GREENSHOOT,,
FER.ANCHIN,FERME ANCHIN,,
GIRAUDET,GIRAUDET,,
FERM.ANCHI,FERME ANCHIN,,
ULTI,ULTI,,
POUSS'SALA,POUSS'SALA,,
LUNOR,LUNOR,,
ALLAIRE,ALLAIRE,,
ROGER,ROGER,,
PELLETIER,PELLETIER,,
HEUDEBERT,HEUDEBERT,,
BRAISOR,BRAISOR,,
JACQUET,JACQUET,,
KRISPROLL,KRISPROLLS,,
KRISPROLLS,KRISPROLLS,,
CRACOTTE,CRACOTTE,,
LU,MILKA,,
CRAQUELINS,CRAQUELINS,,
MARGELY,MARGELY,,
WASA,WASA,,
HARRY'S,HARRY'S,,
LA BOULANG,LA BOULANGERE,,
REGENT'S,REGENT'S PARK,,
FOSSIER,FOSSIER,,
PAILLE DOR,PAILLE DOR,,
CEMOI,CEMOI,,
BRUN,LU,,
BUHLER,BUHLER,,
SAXO,1er Prix ,,
DELACRE,DELACRE,,
GAVOTTES,GAVOTTES,,
LES GAVOTT,LES GAVOTTES,,
GAVOTTE,GAVOTTES,,
PIDY,PIDY,,
BN,BN,,
BRINK,1er Prix ,,
PRINCE,PRINCE,,
NUTELLA,NUTELLA,,
LOTUS,LOTUS,,
PEPITO,PEPITO,,
LULU OURSO,LULU OURSON,,
ST.MICHEL,SAINT MICHEL,,
A.DELICES,ARMOR DELICES,,
DUPLO,DUPLO,,
GRANOLA,GRANOLA,,
LESTER,LE STER,,
LE MANOIR,LE MANOIR,,
BELVITA,BELVITA,,
ST MICHEL,SAINT MICHEL,,
KELLOGS,KELLOGG'S,,
KELLOGGS,KELLOGG'S,,
M.VITIES,MC VITIES,,
B.COTENTIN,BISCUITERIE DU COTENTIN,,
TRAOU MAD,TRAOU MAD,,
ABBAYE,BISCUITERIE DE L'ABBAYE,,
PLEYBEN,PLEYBEN,,
LE GLAZIK,LE GLAZIK,,
M.POULARD,MERE POULARD,,
ST AUBERT,SAINT AUBERT,,
B.ABBAYE,BISCUITERIE DE L'ABBAYE,,
LOTUS B,LOTUS,,
WALKERS,WALKERS,,
BASTOGNE,BASTOGNE,,
MC VITIES,MC VITIES,,
PTS AMOUR.,PETITS AMOURS,,
ARMOR,ARMOR DELICES,,
TERRE ITAL,TERRE Italie,,
G ET CIE,G ET CIE,,
GRANY,GRANY,,
KAMBLY,KAMBLY,,
PT ECOLIER,LU,,
NAPOLITAIN,LU,,
MIKADO,MIKADO,,
M&MS,M&M'S,,
CADBURY,CADBURY'S,,
COQUELINE,COQUELINE,,
MUL BIANCO,MUL BIANCO,,
BAHLSEN,BAHLSEN,,
J.DESTROOP,J. DESTROOPER,,
LA SULTANA,LA SULTANA,,
CADBURY'S,CADBURY'S,,
CALECHE,CALECHE,,
LE STER,LE STER,,
WHAOU,WHAOU,,
LULU,LULU,,
JEAN DUCOU,JEAN DUCOURTIEUX,,
DUCOURTIEU,JEAN DUCOURTIEUX,,
KER CADELA,KER CADELAC,,
SEREBIS,SEREBIS,,
FORCHY PAT,FORCHY,,
PITCH,PASQUIER,,
LA FOURNEE,LA FOURNEE,,
BOULANGERE,LA BOULANGERE,,
ANCEL,DR.OETKER,,
BOEHLI,BOEHLI,,
BELIN,TUC,,
TUC,TUC,,
BENENUTS,3D'S,,
NA,NA,,
VICO,VICO,,
TOOGOOD,TOOGOOD,,
3D'S,3D'S,,
M.MUNCH,MONSTER MUNCH,,
MENGUY'S,MENGUY'S,,
CURLY,CURLY,,
CHEETOS,CHEETOS,,
FRITELLE,BENENUTS,,
LORENZ,LORENZ,,
PRINGLES,PRINGLES,,
CRUNCHIPS,CRUNCHIPS,,
LAY'S,LAY'S,,
DORITOS,DORITOS,,
GDJU EQUIL,GRAND JURY EQUILIBRE,,
APERIFRUIT,APERIFRUIT,,
AIR D'ICI,AIR D'ICI,,
FRIT RAVIC,FRIT RAVICH,,
F.RAVICH,FRIT RAVICH,,
HAPPY NUT,HAPPY NUT,,
CRESPO,CRESPO,,
PUGET,PUGET,,
TYRRELLS,TYRRELLS,,
PONTI,PONTI,,
JACQUES VA,JACQUES VABRE,,
GD MERE,GRAND MERE,,
LAVAZZA,LAVAZZA,,
SEGAFREDO,SEGAFREDO,,
QUOTIDIEN,QUOTIDIEN,,
TANNEAU,TANNEAU,,
M.DU CAFE,MAISON DU CAFE,,
SAN MARCO,SAN MARCO,,
CARTE NOIR,CARTE NOIRE,,
GRAND MERE,GRAND MERE,,
MALONGO,MALONGO,,
L'OR INTEN,MAISON DU CAFE,,
LOBODIS,LOBODIS,,
VELOUR NOI,VELOURS NOIR,,
DELICA C.R,CAFE ROYAL,,
CAFE ROYAL,CAFE ROYAL,,
SENSEO,SENSEO,,
GRAND'MERE,GRAND MERE,,
MAISON DU,MAISON DU CAFE,,
TASSIMO,TASSIMO,,
MEO,MEO,,
NESCAFE,NESCAFE,,
L'OR DOUX,L'OR DOUX,,
ILLY,ILLY,,
LIPTON,LIPTONIC,,
BROCELIAN,BROCELIANDE,,
GDJU EQUIT,GRAND JURY EQUITABLE,,
AROMEX,AROMEX,,
DESIR VRAI,DESIR VRAI,,
TASSE ROUG,NESCAFE,,
MAXWELL,MAXWELL HOUSE,,
RELAX,RELAX,,
LEROUX,LEROUX,,
CICONA,CICONA,,
CARO,CARO,,
BENCO,BENCO,,
POULAIN,POULAIN,,
BANANIA,BANANIA,,
SUCHARD,SUCHARD,,
VAN HOUTEN,VAN HOUTEN,,
OVOMALTINE,OVOMALTINE,,
TONIMALT,TONIMALT,,
CHOCOS,CHOCOS,,
CRISP,CRISP,,
G.GRAHAM,G.GRAHAM,,
TRESOR,TRESOR,,
QUAKER,QUAKER,,
WEETABIX,WEETABIX,,
COUNTRY,COUNTRY,,
JORDANS,JORDANS,,
CRUESLI,CRUESLI,,
EXTRA,EXTRA,,
SPECIAL K,KELLOGG'S,,
EAT,EAT,,
FITNESS,FITNESS,,
TWININGS,TWININGS,,
TETLEY,TETLEY,,
L.TISANIER,LA TISANIERE,,
ELEPHANT,ELEPHANT,,
O.BRANDS,O.BRANDS,,
RICOLA,RICOLA,,
LINDT,LINDT,,
COTE D'OR,COTE D'OR,,
VILLARS,VILLARS,,
RITTER,RITTER,,
GALAK,GALAK,,
LUTTI,LUTTI,,
HARIBO,HARIBO,,
LA PIE QUI,LA PIE QUI CHANTE,,
VERQUIN,VERQUIN,,
KREMA,KREMA,,
REGAL'AD,REGAL'AD,,
SKITTLES,SKITTLES,,
MENTOS,MENTOS,,
CARAMBAR,CARAMBAR,,
WERTHER'S,WERTHER'S,,
D.D'ISIGNY,DUPONT D'ISIGNY,,
MICHOKO,MICHOKO,,
C.ARGOUGES,CHEVALIER ARGOUGES,,
ISIGNY.,DUPONT D'ISIGNY,,
TROLLI,TROLLI,,
LASSO,LASSOS,,
BANDOS,BANDOS,,
ACROLASSO,ACROLASSO,,
WONKA,WONKA,,
TITOON'S,TITOON'S,,
JELLY BELL,JELLY BELL,,
HITSCHIES,HITSCHIES,,
ACROFOURRE,ACROFOURRE,,
PIE CHANTE,LA PIE QUI CHANTE,,
PAST.VICHY,PASTILLE VICHY,,
FISHERMAN',FISHERMAN',,
CROIBLEU,VERQUIN,,
LOOKOLOOK,LOOKOLOOK,,
MALABAR,MALABAR,,
VICHY,PASTILLE VICHY,,
LA VOSGIEN,LA VOSGIENNE,,
CHUPA CHUP,CHUPA CHUPS,,
FIZZY,FIZZY,,
VIDAL,VIDAL,,
CHUP.CHUPS,CHUPA CHUPS,,
ASTERIX,ASTERIX,,
PEZ,PEZ,,
MAM.MAG PO,MAM.MAGIC POP,,
TIC TAC,TIC TAC,,
FRUITELLA,FRUITELLA,,
LAJAUNIE,LAJAUNIE,,
FRISK,FRISK,,
HOLLYWOOD,HOLLYWOOD,,
MENTOS GUM,MENTOS GUM,,
BUBBLE GUM,BUBBLE GUM,,
ZED,ZED,,
STIMOROL,STIMOROL,,
FREEDENT,FREEDENT,,
AIRWAVES,AIRWAVES,,
SIFFREIN,SIFFREIN,,
RAFFAELLO,RAFFAELLO,,
CELEBRATIO,CELEBRATION,,
FERRERO,FERRERO,,
QUALITY ST,QUALITY STREET,,
MON CHERI,MON CHERI,,
MIXED,MIXED,,
BALISTO,BALISTO,,
NUTS,NUTS,,
NEWTREE,NEWTREE,,
SUNDY,SUNDY,,
CRUNCH,CRUNCH,,
MALTESERS,MALTESERS,,
MM'S,MM'S,,
CHIPS AHOY,CHIPS AHOY,,
HERSHEY'S,HERSHEY'S,,
RECRE OLE,RECRE OLE,,
MONT BLANC,MONT BLANC,,
MBLANC,MONT BLANC,,
ALSA,ALSA,,
YABON,YABON,,
DR.OETKER,DR OETKER,,
MOENCH,MOENCH,,
IMPERIAL,IMPERIAL,,
V.TRAPPE,V.TRAPPE,,
MR FREEZE,MR FREEZE,,
VAHINE,VAHINE,,
MAIZENA,MAIZENA,,
VANIFLOR,VANIFLOR,,
PATELIERE,PATELIERE,,
SEBALCE,SEBALCE,,
BRASIFLOR,BRASIFLOR,,
S,CONDIFA,,
BRIANCON,BRIANCON,,
FRUITS DEL,FRUITS DELICE,,
GUEPRATTE,GUEPRATTE,,
BORGES,BORGES,,
YARDEN,YARDEN,,
N.GAILLARD,NOIX GAILLARD,,
C.QUEBEC,COULEUR QUEBEC,,
NX GAILLAR,NOIX GAILLARD,,
NOIX GAILL,NOIX GAILLARD,,
BARRY,BARRY,,
REGILAIT,REGILAIT,,
GLORIA,GLORIA,,
BEGHIN SAY,BEGHIN SAY,,
SOL,SOL,,
ST LOUIS,SAINT LOUIS,,
DADDY,DADDY,,
VAN,VAN,,
PERRUCHE,PERRUCHE,,
PUREVIA,PUREVIA,,
PATRELLE,PATRELLE,,
GINKO,GINKO,,
CANDEREL,CANDEREL,,
SUNNY D,SUNNY DELIGHT,,
TUTTIFREE,TUTTIFREE,,
GERBLE,GERBLE,,
GAYELORD,GAYELORD,,
KARELIA,KARELIA,,
KARELEA,FLORESSANCE,,
DUKAN,DUKAN,,
ALLERGO,ALLERGO,,
BJORG,BJORG,,
JARD.BIOL.,JARDIN BIOLOGIQUE,,
NO GLUTEN,CARREFOUR,,
BIOTHENTI.,BIOTHENTIC,,
BIO LA VIE,BIO LA VIE,,
TERRES&CER,TERRES&CEREALES,,
ROSINSKI,ROSINSKI,,
CERAL BIO,CEREAL BIO,,
SUPPLEX,SUPPLEX,,
FLORESSANC,FLORESSANCE,,
YU.TUO CHA,YU.TUO CHA,,
VIVIS,VIVIS,,
9BAR,9BAR,,
RIGONI,RIGONI,,
MIEL BESAC,MIEL BESACIER,,
VITABIO,VITABIO,,
V.ALPILLES,V.ALPILLES,,
CAUVIN,CAUVIN,,
SACLA,SACLA,,
ALTER ECO,ALTER ECO,,
SOFAL,SOFAL,,
VITARMONYL,VITARMONYL,,
ETHIQUABLE,ETHIQUABLE,,
MON FOURNI,MON FOURNIL,,
CH.VIGNON,CHARLES VIGNON,,
NATURELA,NATURELA,,
PLAISANCE,PLAISANCE,,
NATURATTIT,NATURATTIT,,
CRF NUTRIT,CARREFOUR NUTRITION,,
GERLINEA,GERLINEA,,
CELLISLIM,CELLISLIM,,
JUVAMINE,JUVAMINE,,
JUVAFLORI,JUVAFLORINE,,
ISOSTAR,ISOSTAR,,
DUERRS,DUERRS,,
OLD EL PAS,OLD EL PASO,,
POCO LOCO,POCO LOCO,,
COQ NOIR,COQ NOIR,,
PLAZA DEL,PLAZA DEL SOL,,
VIGILANTE,VIGILANTE,,
EL AVION,EL AVION,,
GULLON.,GULLON,,
HIDA,HIDA,,
AL WADI,AL WADI,,
FLORELLI,FLORELLI,,
VALLEDORO,VALLEDORO,,
PIETRO CAS,PIETRO CAS,,
ARTESANI,ARTESANI,,
TOSCORO,TOSCORO,,
MONVISO,MONVISO,,
RUMMO,RUMMO,,
SICELIANI,SICELIANI,,
DI VITA,DI VITA,,
NOSARI,P.NOSARI,,
GRANORO,GRANORO,,
ZONE ECONO,1er Prix ,,
BONORI,BONORI,,
DOLCIOSO,DOLCIOSO,,
BELFIORI,BELFIORI,,
BRANCA,BRANCA,,
B.APPETIT,BON APPETIT,,
BONAPPETIT,BON APPETIT,,
MICAU,MICAU,,
MILANEZA,MILANEZA,,
LUSITANA,LUSITANA,,
FIDES,FIDES,,
COMPAL,COMPAL,,
VIEIRA,VIEIRA,,
NOBRE,NOBRE,,
COMPAL.,COMPAL.,,
NEWMAN'S,NEWMAN'S,,
MARMITE,MARMITE,,
HEINZ,HEINZ,,
TIPTREE,TIPTREE,,
JACOBS,JACOB'S,,
DR PEPPER,DR PEPPER,,
PG TIPS,PG TIPS,,
LEA&PERRIN,LEA&PERRIN,,
HP SAUCE,HEINZ,,
SKIPPY,SKIPPY,,
JACOB'S,JACOB'S,,
TILDA,TILDA,,
TAYLORS OF,TAYLORS OF,,
BISTO,BISTO,,
DAM.BESSON,DAME BESSON,,
CHALEUR CR,CHALEURS CREOLES,,
M'AMOUR,M'AMOUR,,
RBI,RBI,,
CREOL.FOOD,CREOLES FOOD,,
CREOLE FOO,CREOLES FOOD,,
SAMAI,SAMIA,,
ENCONA,ENCONA,,
ELOT,ELOT,,
NC,NC,,
APOLLO,APOLLO,,
GRACE,GRACE,,
SUZI WAN,SUZIWAN,,
TANOSHI,TANOSHI,,
UNCLE BEN',UNCLE BEN'S,,
PATAKS,PATAKS,,
OTTOGI,OTTOGI,,
GO-TAN,GO-TAN,,
KIKKOMAN,KIKKOMAN,,
MITSUBA,MITSUBA,,
GOTAN,GO-TAN,,
NISSIN,NISSIN,,
HIKARI,HIKARI,,
BLUE DRAGO,BLUE DRAGON,,
S&B,S&B,,
DILMAH,DILMAH,,
M.MIN,M.MIN,,
WAI WAI,WAI WAI,,
PATAK'S,PATAKS,,
SUREE,SUREE,,
RIZ MONDE,RIZ MONDE,,
IDEKO,IDEKO,,
THAI KITCH,THAI KITCHEN,,
ROYAL UMBR,ROYAL UMBREL,,
MAKLI,MAKLI,,
BANH TRANG,BANH TRANG,,
BRIGHT,BRIGHT,,
JINJI CUP,JINJI CUP,,
RICHTER,RICHTER,,
C.EPICES,C.EPICES,,
SAMIA,SAMIA,,
JUMBO,JUMBO,,
LEGUMOR,LEGUMOR,,
ZAKIA,ZAKIA,,
DARI,DARI,,
SUZY WAN,SUZY WAN,,
PROFRUIT,PROFRUIT,,
PRESTIGIEU,PROFRUIT,,
DAKATINE,DAKATINE,,
DOUNIA,DOUNIA,,
SAUPIQUET,SAUPIQUET,,
HALAL D.,DOUNIA,,
HAUDECOEUR,HAUDECOEUR,,
LE RENARD,LE RENARD,,
LA PASTILL,LA PASTILLA,,
STARLING,STARLING,,
CODEFA,CODEFA-ORCA,,
J.MARTIN,J.MARTIN,,
T.RABASSE,T.RABASSE,,
DUCROS,DUCROS,,
COLONA,COLONA,,
ROLLI,ROLLI,,
TREBLEC,TREBLEC,,
FRANCINE,FRANCINE,,
EBLY,EBLY,,
F.EL MOI,F.EL MOI,,
MOUSLINE,MAGGI,,
REGIA,REGIA,,
ALP.SAVOIE,ALPINA SAVOIE,,
PANZANI+,PANZANI+,,
PETIT NAVI,PETIT NAVIRE,,
EBLY.,EBLY,,
V.PAILLE,VIVIEN PAILLE,,
DE CECCO,DE CECCO,,
RCL,RIVOIRE & CARRET,,
ALPINA,ALPINA SAVOIE,,
GAROFALO,GAROFALO,,
RISO GALLO,RISO GALLO,,
MUTTI,MUTTI,,
SOLEILLANS,SOLEILLANS,,
CHEF,CHEF,,
DEL MONTE,DEL MONTE,,
AROPIZ,1er Prix ,,
CHARLEVAL,1er Prix ,,
ZAPETTI,ZAPETTI,,
BASSO,BASSO,,
CIRO,CIRO,,
VIVIEN PAI,VIVIEN PAILLE,,
TAUREAU AI,TAUREAU AILE,,
SABAROT,SABAROT,,
DUPUY,DUPUY,,
KNORR,KNORR,,
ARIAKE,ARIAKE,,
VIANDOX,VIANDOX,,
LIEBIG,LIEBIG,,
LA POTAGER,LA POTAGERE,,
POTAG.BIO,LA POTAGERE,,
LARZUL,LARZUL,,
ROYCO,ROYCO,,
FLORALINE,FLORALINE,,
TRAMIER,TRAMIER,,
LA CIOTA,LA CIOTAT,,
MENGUY,MENGUY'S,,
AMORA,AMORA,,
KUHNE,KUHNE,,
LE JARDIN,JARDIN ORANTE,,
JARD.ORANT,JARDIN ORANTE,,
VITAL,1er Prix ,,
DELECTABL,DELECTABLE,,
OLABE,OLABE,,
TOLEDO,TOLEDO,,
ILOU,ILOU,,
DUCRO,DUCROS,,
LESIEUR,LESIEUR,,
BENEDICTA,BENEDICTA,,
DEVOS LEMM,DEVOS LEMM,,
CAP BON.,CAP BON,,
PHARE CAPB,PHARE CAP BON,,
HELLMANN'S,HELLMANN'S,,
GUERANDAIS,GUERANDAIS,,
CEREBOS,CEREBOS,,
PERROSEL,PERROSEL,,
TRAD Y SEL,TRAD Y SEL,,
FUCHS,FUCHS,,
NATURALINE,NATURALINE,,
ESPIG,ESPIG,,
COLUMBIA,COLUMBIA,,
MARTIN'S,1er Prix ,,
BAHIA,BAHIA,,
CEPASCO,CEPASCO,,
ESPIG B.E,ESPIG,,
ST BENOIT,1er Prix ,,
BRET'S,BRET'S,,
KETTLES,KETTLES,,
TERRA,TERRA,,
ISIO 4,ISIO 4,,
ISIO OLIVE,ISIO OLIVE,,
FRIAL,FRIAL,,
RISSO,RISSO,,
BORGES*,BORGES,,
RISSO CHEF,RISSO,,
BERINOIX,BERINOIX,,
NOXELLABER,NOXELLABER,,
GUENARD,GUENARD,,
TOURANGELL,TOURANGELLE,,
CARAPELLI,CARAPELLI,,
LA ORO,LA ORO,,
TERRA DEL,TERRA DELYSSA,,
OLIVES,OLIVES,,
OLIVE,OLIVES,,
SOLEOU,SOLEOU,,
BASTIDES,BASTIDE,,
RITHIAOPHA,RITHIAOPHA,,
PHENICIA,PHENICIA,,
ESPORAO,ESPORAO,,
SANTOLIVA,1er Prix ,,
SALVATORI,SALVATORI,,
ALU ITALIE,ALU ITALIE,,
ALU GRECE,ALU GRECE,,
MONINI,MONINI,,
POURET,POURET,,
SELECT.,CARREFOUR SELECTION,,
SICILIA,SICILIA,,
L.BLANC,L.BLANC,,
FARAUD,1er Prix ,,
MATERNE,MATERNE,,
POM'POTE,MATERNE,,
VALADE,VALADE,,
SAINT MAME,SAINT MAMET,,
ST MAMET,SAINT MAMET,,
CONFIPOTE,CONFIPOTE,,
APICULTEUR,APICULTEUR,,
LDM,LDM,,
R.PAUMERAI,RUCHES PAUMERAI,,
MAPLE JOE,MAPLE JOE,,
FAUGIER,FAUGIER,,
4 SAISONS,4 SAISONS,,
PINSON,PINSON,,
PAREO,PAREO,,
DOLE,DOLE,,
D,DOLE,,
APTUNION,APTUNION,,
BORDE,BORDES,,
CASSEGRAIN,CASSEGRAIN,,
ROCHEFONT.,ROCHEFONTAINE,,
DAUCY,D'AUCY,,
RAYNAL,RAYNAL&ROQUELAURE,,
LE CABANON,LE CABANON,,
CABANON,CABANON,,
ROYAL CHAM,ROYAL CHAMPIGNON,,
BEAUVAL,1er Prix ,,
BORDE.,BORDES,,
LES CHAMPI,LES CHAMPIGNADES,,
GEANT VERT,GEANT VERT,,
PETIT JEAN,PETIT JEAN,,
CONNETABLE,CONNETABLE,,
PARMENTIER,PARMENTIER,,
TITUS,TITUS,,
FURIC,FURIC,,
CAP DINEC,CAP DINEC,,
NAUTILUS,NAUTILUS,,
GRD JURY,GRAND JURY,,
PT NAVIRE,PETIT NAVIRE,,
KERITI,KERITI,,
PRINCES.,PRINCES FOODS,,
PDF,PECHEURS DE France,,
RIBEIRA,1er Prix ,,
SAVOUREUX,SAVOUREUX,,
CHATKA,CHATKA,,
BALTHOR,BALTHOR,,
AROK,AROK,,
JACQ,JACQ,,
PAY PAY,PAY PAY,,
APERITAPAS,APERITAPAS,,
LES DIEUX,LES DIEUX,,
WILLIAM SA,WILLIAM SAURIN,,
MERE LALIE,MERE LALIE,,
ARNAUD,ARNAUD.G.T,,
TABLEGUILL,TABLE DE GUILLAUME,,
BRUNET,BRUNET,,
AVON&RAGOB,AVON&RAGOBE,,
ARNAUD.G.T,ARNAUD.G.T,,
TERRES ROY,1er Prix ,,
LARNAUDIE,LARNAUDIE,,
CRF CDM,CARREFOUR CDM,,
TULIP,TULIP,,
HEREFORD,HEREFORD,,
LA BELLE C,LA BELLE CHAURIENNE,,
CHRIST,CHRIST,,
MARMITON,1er Prix ,,
PT MARMIT.,PETIT MARMITON,,
PAUL&LOUIS,PAUL&LOUIS,,
SOULIE,SOULIER,,
BONTOUT,BONTOUT,,
GARBIT,GARBIT,,
BOLINO,BOLINO,,
CUIS.OCEAN,CUISINE OCEANE,,
B.CHAURIEN,LA BELLE CHAURIENNE,,
BLEDINA,BLEDINER,,
BABYBIO,BABYBIO,,
CRF BABY,CARREFOUR BABY,,
HIPP BIO,HIPP BIO,,
GOOD GOUT,GOOD GOUT,,
BLEDINER,BLEDINER,,
HIPP,HIPP BIO,,
GALLIA,GALLIA,,
MILUMEL,NUTRICIA,,
GUIGOZ,GUIGOZ,,
MODILAC,MODILAC,,
CANDIA BAB,CANDIA BABY,,
NIDAL,NIDAL,,
LACTALIS,LACTALIS,,
PEDIGREE,PEDIGREE PAL,,
CANIGOU,CANIGOU,,
CESAR,CESAR,,
FIDO,FIDO,,
FRISKIES,FRISKIES,,
BREKKIES,BREKKIES,,
PUR/GOURME,PURINA GOURMET,,
GOURMET,GOURMET,,
SHEBA,SHEBA,,
WHISKAS,WHISKAS,,
FELIX,FELIX,,
KITEKAT,KITEKAT,,
PURINA FEL,PURINA FELIX,,
ONE,ONE,,
PURINA ONE,PURINA ONE,,
ULTIMA,ULTIMA,,
PURINA,PURINA,,
FROLIC,FROLIC,,
ELWIN 5,1er Prix ,,
4 PAT,4 PAT,,
TWISTY,1er Prix ,,
CATISFA,CATISFACTIONS,,
PEPSI,PEPSI COLA,,
COCA COLA,COCA COLA,,
SELECTO,SELECTO,,
BREIZH,BREIZH,,
STEFF,1er Prix ,,
CHERRY COK,CHERRY COKE,,
BURN,BURN,,
LORINA,LORINA,,
SPRITE,SPRITE,,
VAL RANCE,VAL DE RANCE,,
SEVEN UP,SEVEN UP,,
CANADA DRY,CANADA DRY,,
FANTA,FANTA,,
ORANGINA,ORANGINA,,
MIRINDA,MIRINDA,,
SUMOL,SUMOL,,
KAS,KAS,,
FINLEY,FINLEY,,
SCHWEPPES,SCHWEPPES,,
GINI,GINI,,
RICQLES,RICQLES,,
I.TONIC,INDIAN TONIC,,
COEUR POM,COEUR POMME,,
CHAMPOMY,CHAMPOMY,,
STAR WARS,STAR WARS,,
TEISSEIRE,TEISSEIRE,,
TROPICO,TROPICO,,
OCEAN,OCEAN SPRAY,,
ARIZONA,ARIZONA,,
CAPRI SUN,CAPRI SUN,,
JOKER,JOKER,,
PRESSADE,PRESSADE,,
PAGO,PAGO,,
BON APP,BON APPETIT,,
GRANINI,GRANINI,,
PETIT JULE,PETIT JULES,,
FRUITE,FRUITE,,
PLANET BIO,PLANET BIO,,
PAMPRYL,PAMPRYL,,
FORCE BIO,FORCE BIO,,
VAI VAI,VAI VAI,,
MINUT-MAID,MINUT-MAID,,
REA,REA,,
CARAIBOS,CARAIBOS,,
FRUISS,FRUISS,,
VALDONNE,VALDONNE,,
GIFFARD,GIFFARD,,
MONIN,MONINI,,
S.SPORT,SIROP SPORT,,
ANTESITE,ANTESITE,,
MONSTER,MONSTER,,
POWERADE,POWERADE,,
CRAZY TIG.,CRAZY TIGER,,
GATORADE,GATORADE,,
RED BULL,RED BULL,,
TRUC FOU,TRUC DE FOU,,
MAD CROC,MAD CROC,,
ANTARTICA,ANTARTICA,,
LIPTON ICE,LIPTON ICE,,
BOSS,BOSS,,
LIPTON.,LIPTONIC,,
NESTEA,NESTEA,,
MAYTEA,MAYTEA,,
MANGAJO,MANGAJO,,
HERBALIST,HERBALIST,,
LIPTONIC,LIPTONIC,,
CACOLAC,CACOLAC,,
KRONENBOUR,KRONENBOURG,,
S.ARTOIS,S.ARTOIS,,
33 EXPORT,33 EXPORT,,
KANTERBRAU,KANTERBRAU,,
KOENIGSBIE,1er Prix ,,
SAINT OMER,SAINT OMER,,
HEINEKEN,HEINEKEN,,
1664,1664,,
CARLSBERG,CARLSBERG,,
GOLD,GOLD,,
BAVARIA,BAVARIA,,
FISCHER,FISCHER,,
BRUNEHAUT,BRUNEHAUT,,
OKOCIM,OKOCIM,,
KRONENB.PM,KRONENBOURG ,,
BUCKLER,BUCKLER,,
BAVARIAWIT,BAVARIA,,
TOURTEL,TOURTEL,,
PANACH',PANACH',,
CLOSMESNIL,CLOSMESNIL,,
DUJARDIN,DUJARDIN,,
CIDRE,CIDRE,,
ECUSSON,ECUSSON,,
BAYEUX,BAYEUX,,
L.RAISON,LOIC RAISON,,
LE BRUN,LE BRUN,,
BIGOUD,BIGOUDEN,,
C.VAILLANT,C.VAILLANT,,
ADELSCOTT,ADELSCOTT,,
PELFORTH,PELFORTH,,
HOEGAARDEN,HOEGAARDEN,,
BELZEBUTH,BELZEBUTH,,
BIER.DEMON,BIERE DEMON,,
JENLAIN,JENLAIN,,
GRIMBERGEN,GRIMBERGEN,,
GRAIN ORGE,GRAIN D'ORGE,,
TUBORG,TUBORG,,
JADE,JADE,,
SKOLL,SKOLL,,
CH'TI,CH'TI,,
R.COCHON,RINCE COCHON,,
3 MONTS,3 MONTS,,
CHOUFFE,CHOUFFE,,
GORDON,GORDON,,
PIETRA,PIETRA,,
SECR.MOINE,SECRET DES MOINES,,
DUYCK,JENLAIN,,
DESPERADOS,DESPERADOS,,
A.LEFFE,ABBAYE DE LEFFE,,
BRITT,BRITT,,
DREMMWEL,DREMMWEL,,
CAVE BIERE,CAVE BIERE,,
BOURBON,BOURBON,,
LA GOUDALE,LA GOUDALE,,
CHIMAY,CHIMAY,,
LANCELOT,LANCELOT,,
COLOMBA,COLOMBA,,
M.SUBITE,MORT SUBITE,,
ABBAYE LYS,ABBAYE LYS,,
TONGERLO,TONGERLO,,
AFFLIGEM,AFFLIGEM,,
A.LEFF.BLD,ABBAYE DE LEFFE,,
CORBEAU,CORBEAU,,
T.KARMELIT,KARMELITE,,
BIER.ABBAY,BIERE ABBAYE,,
WESTMALLE,WESTMALLE,,
ROCHEFORT,ROCHEFORT,,
LA TRAPPE,LA TRAPPE,,
LIEFMANS,LIEFMANS,,
LA BECASSE,LA BECASSE,,
LINDEMANS,LINDEMANS,,
BOUFFONNE,BOUFFONNE,,
KWAK,KWAK,,
CUV.TROLLS,CUVEE DES TROLLS,,
MAREDSOUS,MAREDSOUS,,
KASTEEL,KASTEEL,,
DUVEL,DUVEL,,
BREWDOG,BREWDOG,,
LONDON PRI,LONDON PRID,,
KILLIAN'S,GEORGE KILLIAN'S,,
GUINNESS,GUINNESS,,
KILKENNY,KILKENNY,,
EKU 28,EKU 28,,
PILSNER,PILSNER,,
GROLSCH PR,GROLSCH PR,,
AMSTERDAM,AMSTERDAM,,
SAN MIGUEL,SAN MIGUEL,,
MORETTI,MORETTI,,
SUPER BOCK,SUPER BOCK,,
BIER.ATLAS,BIER ATLAS,,
CUBANISTO,CUBANISTO,,
SOMBRERO,SOMBRERO,,
CORONA,CORONA,,
ESTRIBOS,ESTRIBOS,,
BROOKLYN,BROOKLYN,,
BUD,BUD,,
ASAHI,ASAHI,,
TSING TAO,TSING TAO,,
PERONI,PERONI,,
BUDWEISER,BUDWEISER,,
FARO,FARO,,
EDELWEISS,EDELWEISS,,
PAULANER,PAULANER,,
CRISTALINE,CRISTALINE,,
PIERVAL,PIERVAL,,
MT ROUCOUS,MONT ROUCOUS,,
OGEU,OGEU,,
STE ALIX,SOCIETE ALIX,,
ROSEE DE L,ROSEE DE L,,
VITTEL,VITTEL,,
HEPAR,HEPAR,,
EVIAN,EVIAN,,
CHAUDFONT.,CHAUDFONTAINE,,
CONTREX,CONTREXEVILLE,,
VOLVIC,VOLVIC,,
MT BLANC,MONT BLANC,,
ST ANTONIN,SAINT ANTONIN,,
COURMAYEUR,COURMAYEUR,,
ST AMAND,SAINT AMAND,,
WATTWILLER,WATTWILLER,,
PERRIER,PERRIER,,
VICHY CELE,VICHY CELESTINS,,
VERNIERE,VERNIERE,,
S.PELLEGRI,SAN PELLEGRINO,,
ST YORRE,SAINT YORRE,,
ROZANA,ROZANA,,
BADOIT RGE,BADOIT ROUGE,,
SALVETAT,SALVETAT,,
QUEZAC,QUEZAC,,
BADOIT,BADOIT,,
PLANCOET,PLANCOET,,
PELLEGRINO,SAN PELLEGRINO,,
BADOIT VRT,BADOIT,,
VOLVIC FR.,VOLVIC,,
AUGUSTIN F,AUGUSTIN F,,
MARQUE PMC,,,
SAV.TERROI,,,
SANS.,1er Prix ,,
DISCOUNT,,,
M GOUSTIER,MAITRES GOUSTIERS,,
CREMANT,,,
SS MARQUE.,1er Prix ,,
N.GUEUSQUI,N.GUEUSQUIN,,
N.FEUILLAT,NICOLAS FEUILLATE,,
A.ROTHSCHI,ALFRED ROTHSCHILD,,
MERCIER,MERCIER,,
JACQUART,JACQUART,,
CANARD DUC,CANARD DUCHENE,,
TSARINE,TSARINE,,
POMMERY,POMMERY,,
C.LAFITTE,CHARLES LAFITTE,,
DE CASTELL,DE CASTELLANE,,
CAZANOVE,CAZANOVE,,
HEIDSIECK,HEIDSIECK,,
VRANKEN,VRANKEN,,
L.DE RETZ,LOUIS DE RETZ,,
DEMOISELLE,DEMOISELLE,,
L.PERRIER,LAURENT PERRIER,,
MUMM,MUMM,,
LANSON,LANSON,,
VEUVE CLIQ,VEUVE CLIQUOT,,
MOET & CHA,MOET & CHANDON,,
TAITTINGER,TAITTINGER,,
CHANOINE,CHANOINE,,
P.HEIDSIEC,PIPER HEIDSIECK,,
KRUG,KRUG,,
VEUVE AMIO,VEUVE AMIOT,,
ACKERMAN,ACKERMAN,,
BLC.FOUSSY,BLANC FOUSSY,,
B.LADUBAY,B.LADUBAY,,
JAILLANCE,JAILLANCE,,
WOLFBERGER,WOLFBERGER,,
A.METZ,ALFRED METZ,,
VVE AMBAL,VEUVE AMBAL,,
LACHETEAU,LACHETEAU,,
CH.VOLNER,CHARLES VOLNER,,
S.BEAUPRE,1er Prix ,,
OPERA,OPERA,,
CAFE PARIS,CAFE DE PARIS,,
KRITER,KRITER,,
KIEFFER,KIEFFER,,
C.VOLNER,CHARLES VOLNER,,
PAUL BUR,PAUL BUR,,
V.ARGENT,VEUVE ARGENT,,
POL REMY,POL REMY,,
MUSCADOR,MUSCADOR,,
D'ARTIGNY,D'ARTIGNY,,
LISTEL,LISTEL,,
L.LAGOUTE,L.LAGOUTE,,
FREIXENET,FREIXENET,,
S.GIUSEPPE,S.GIUSEPPE,,
MARTINI,MARTINI,,
RICARD,RICARD,,
PASTIS 51,PASTIS 51,,
DUVAL,DUVAL,,
CASANIS,CASANIS,,
PERNOD,PERNOD,,
BERGER,BERGER,,
LIMINANA,LIMINANA,,
FLORANIS,FLORANIS,,
TSANTALI,TSANTALI,,
H.BARDOUIN,H.BARDOUIN,,
ABSENTE,ABSENTE,,
PACIFIC,PACIFIC,,
BLANCART,BLANCART,,
51 GLACIAL,51 GLACIAL,,
VABE,VABE,,
RAPHA,RAPHAEL,,
OLYMPIO,OLYMPIO,,
B.DE VENIS,BEAUME DE VENISE,,
FRONTIGNAN,FRONTIGNAN,,
VALAURIA,VALAURIA,,
DAURE,DAURE,,
LILLET,LILLET,,
MARTINI R,MARTINI ROSSO,,
AMBASSADEU,AMBASSADEUR,,
ST RAPHAEL,SAINT RAPHAEL,,
CINZANO,CINZANO,,
MARTINI BI,MARTINI ,,
MARTINI RO,MARTINI ROSATO,,
NOILLY PRA,NOILLY PRAT,,
GANCIA,GANCIA,,
M.DE FRUTO,MARINA DE FRUTO,,
PALERMO,PALERMO,,
BYRRH,BYRRH,,
CRUZ,CRUZ,,
PITTERS,PITTERS,,
SANDEMAN,SANDEMAN,,
WESTPORT,WESTPORT,,
CHERRY ROC,CHERRY ROC,,
FEYNARD,FEYNARD,,
BREAVOINE,BREAVOINE,,
ANEE,ANEE,,
BUSNEL,BUSNEL,,
WARENGHEIM,WARENGHEIM,,
FERNET BRA,FERNET BRANCA,,
PICON,PICON,,
ANGOSTURA,ANGOSTURA,,
APEROL,APEROL,,
CAMPARI,CAMPARI,,
SUZE,SUZE,,
AVEZE,AVEZE,,
VENEZZIO,VENEZZIO BITTER,,
CLEMENT,CLEMENT,,
OLD NICK,OLD NICK,,
DORMOY,DORMOY,,
W.PITTERS.,PITTERSON,,
POLIAKOV,POLIAKOV,,
PITTERSON,PITTERSON,,
SAN JOSE,SAN JOSE,,
M.COCKTAIL,MISTER COCKTAIL,,
GORDON'S,GORDON'S,,
ST JAMES,SAINT JAMES,,
CANADOU,CANADOU,,
CHARRETTE,CHARRETTE,,
DILLON,DILLON,,
MONTESQUIO,MONTESQUIO,,
SEMPE,SEMPE,,
ST MERAC,SAINT MERAC,,
J.GAUTRET,J.GAUTRET,,
BISQUIT,BISQUIT,,
R.MARTIN,REMY MARTIN,,
BERTRAND.,BERTRAND,,
HENNESSY,HENNESSY,,
PERE MAGLO,PERE MAGLOIRE,,
BEAUJOUR,BEAUJOUR,,
CIGOGNE,CIGOGNE,,
BOUKHA,BOUKHA,,
VEDRENNE,VEDRENNE,,
HERITIER G,HERITIER GUYOT,,
ARMADIS,ARMADIS,,
PISANG AMB,PISANG AMBON,,
KAHLUA,KAHLUA,,
GOLDWASSER,GOLDWASSER,,
MALIBU,MALIBU,,
ALCOOLS,PROMOCASH,,
LUXARDO,LUXARDO,,
PASSOA,PASSOA,,
SOHO,SOHO,,
BACARDI,BACARDI,,
MINT'S,MINT'S,,
BAILEYS,BAILEYS,,
MARIE BRIZ,MANZANITA,,
JAGERMEIST,JAGERMEISTER,,
JANOT,JANOT,,
GET 27,GET 27,,
COINTREAU,COINTREAU,,
BENEDICTIN,BENEDICTINE,,
G.MARNIER,GRAND MARNIER,,
PAGES,PAGES,,
CHARTREUSE,CHARTREUSE,,
GET 31,GET 31,,
NEGRITA,NEGRITA,,
HAVANA CLU,HAVANA CLUB,,
3 RIVIERES,3 RIVIERES,,
DAMOISEAU,DAMOISEAU,,
DIPLOMATIC,DIPLOMATICO ,,
LA MAUNY,LA MAUNY,,
ISAUTIER,ISAUTIER,,
BOLOGNE,BOLOGNE,,
NEISSON,NEISSON,,
C.CHAUFFE,CŒUR CHAUFFE,,
CAP.MORGAN,CAPTAIN MORGAN,,
LARIOS,LARIOS,,
GIBSON'S,GIBSON'S,,
BEEFEATER,BEEFEATER,,
BOMBAY,BOMBAY,,
TANQUERAY,TANQUERAY,,
OLD LADY'S,OLD LADY'S,,
SOBIESKI,SOBIESKI,,
ORLOFF,ORLOFF,,
SMIRNOFF,SMIRNOFF,,
VIKOROFF,VIKOROFF,,
ABSOLUT,ABSOLUT,,
ERISTOFF,ERISTOFF,,
GREY GOOSE,GREY GOOSE,,
WYBOROWA,WYBOROWA,,
ZUBROWKA,ZUBROWKA,,
BELVEDERE,BELVEDERE,,
STOLICHNAY,STOLICHNAYA,,
RUSSIAN,RUSSIAN,,
TISCAZ,TISCAZ,,
JOSE CUERV,JOSE CUERV,,
DON ANGEL,DON ANGEL,,
CAMINO REA,CAMINO REAL,,
SAUZA,SAUZA,,
AGUACANA,AGUACANA,,
JANEIRO,JANEIRO,,
THOQUINO,THOQUINO,,
W.PEEL,WILLIAM PEEL,,
J & B,J & B,,
LABEL 5,LABEL 5,,
BALLANTINE,BALLANTINE'S,,
SIR EDWARD,SIR EDWARD'S,,
GRANT'S,GRANT'S,,
THE FAMOUS,THE FAMOUS,,
W.LAWSON'S,WILLIAM LAWSON'S,,
JB,JB,,
D.MENHIR,D.MENHIR,,
WESTERLY,1er Prix ,,
CLAN CAMPB,CLAN CAMPBEL,,
J.WALKER,JOHNNY WALKER,,
LONG JOHN,LONG JOHN,,
LOCH CASTL,LOCH CASTLE,,
CHIVAS,CHIVAS,,
DIMPLE,DIMPLE,,
GOLD RIVER,GOLD RIVER,,
GLEN ROGER,GLEN ROGER,,
JURA,JURA,,
GLENFIDDIC,GLENFIDDICH,,
M.SHOULDER,MONKEY SHOULDER,,
KNOCKANDO,KNOCKANDO,,
CARDHU,CARDHU,,
SINGLETON,SINGLETON,,
GLEN GRANT,GLEN GRANT,,
TORMORE,TORMORE,,
HIGHLAND,HIGHLAND,,
SCAPA,SCAPA,,
BALVENIE,BALVENIE,,
GLENLIVET,GLENLIVET,,
CAOL ILA,CAOL ILA,,
TALISKER,TALISKER,,
ABERLOUR,ABERLOUR,,
DALWHINNIE,DALWHINNIE,,
GLENMORANG,GLENMORANGIE,,
STRATHISLA,STRATHISLA,,
GLEN TURNE,GLEN TURNER,,
LAPHROAIG,LAPHROAIG,,
G.DEVERON,GLEN DEVERON,,
OBAN,OBAN,,
NIKKA,NIKKA,,
ABERFELDY,ABERFELDY,,
LAGAVULIN,LAGAVULIN,,
BOWMORE,BOWMORE,,
JAMESON,JAMESON,,
PADDY,PADDY,,
TULLAMORE,TULLAMORE,,
KILBEGGAN,KILBEGGAN,,
BUSHMILLS,BUSHMILLS,,
FOUR ROSES,FOUR ROSES,,
OLD VIRGIN,OLD VIRGINIA,,
JIM BEAM,JIM BEAM,,
J.DANIELS,JACK DANIEL'S,,
QUARTER HO,1er Prix ,,
SAM BARTON,SAM BARTON,,
CROWN ROYA,CROWN ROYAL,,
COURCEL,COURCEL,,
ST VIVANT,SAINT VIVANT,,
SYLVAIN,SYLVAIN,,
LA MARTINI,LA MARTINIQUAISE,,
RAVEL,RAVEL,,
WEISMULLER,WEISMULLER,,
VASCO,VASCO,,
PERSIL,PERSIL,,
ARIEL,DASH,,
SKIP,SKIP,,
XTRA,X-TRA,,
LE CHAT,LE CHAT,,
DASH,DASH,,
OMO,OMO,,
GENIE,GENIE,,
GAMA,GAMA,,
SUPERCROIX,SUPER CROIX,,
SANYTOL,SANYTOL,,
MIR COULEU,MIR COULEURS,,
ARBRE VERT,ARBRE VERT,,
CRF ECOPLA,CARREFOUR ECOPLA,,
MAISON VER,MAISON VERTE,,
WYRITOL,WYRITOL,,
WOOLITE,WOOLITE,,
MIR LAINE,MIR LAINE,,
SOUPLINE,SOUPLINE,,
MIR,MIR COULEURS,,
MIR BLACK,MIR BLACK,,
BRIOCHIN,BRIOCHIN,,
PERSAVON,PERSAVON,,
CAJOLINE,CAJOLINE,,
LENOR,LENOR,,
EAU ECARLA,EAU ECARLATE,,
K2R,K2R,,
FEBREZE,FEBREZE,,
SCOTCH-BRI,SCOTCH-BRITE,,
IBA,IBA,,
VANISH,VANISH,,
ACE,ACE,,
DR BECKMAN,DR BECKMAN,,
IDEAL,IDEAL,,
COLORIA,COLORIA,,
FABULON,FABULON,,
PAIC,PAIC,,
MIR VAISSE,MIR VAISSELLE,,
PALMOLIVE,PALMOLIVE,,
RAINETT,RAINETT,,
ST MARC,SAINT MARC,,
MINI MIR,MINI MIR,,
METHOD,METHOD,,
SOLIPRO,GENIE,,
JEX,JEX PRO,,
EXPERT,EXPERT,,
SOLIVAISSE,SOLIVAISSELLE,,
JEX PROFES,JEX PRO,,
FINISH,CALGONIT,,
BECHER,BECHER,,
CAR HOME,CARREFOUR HOME,,
VERECLAT,VERECLAT,,
PREP.,PROVENCE ORAPI,,
SUN PRO,SUN PRO,,
CROC'ODOR,CROC'ODOR,,
AJAX,AJAX,,
CIF,CIF PRO,,
MR PROPRE,MR PROPRE,,
CIF PRO,CIF PRO,,
CAROLIN,SOLIPRO,,
VIGOR,VIGOR,,
CILLIT,CILLIT BANG,,
LACROIX,LACROIX,,
DETTOL,DETTOL,,
SWIFFER,SWIFFER,,
ANTIKAL,ANTIKAL,,
CHANTECLAI,CHANTECLAIR,,
DR.BECHER,BECHER,,
SOLIGERM,SOLIGERM,,
DEGRAISNET,DEGRAISNET,,
SOLICUISIN,SOLICUISINE,,
SOLIPROPRE,SOLIPRO,,
SOLIJAVEL,SOLIJAVEL,,
ALTOR,ALTOR,,
SOL'NET,SOL'NET,,
SPADO,SPADO,,
O'CEDAR,O'CEDAR,,
GLANZER,GLANZER,,
MAITRE SDM,MAITRE SDM,,
TEEPOL,TEEPOL,,
MIR MOQUET,MIR MOQUETTE,,
WC NET,WC NET,,
CANARD,CANARD WC,,
HARPIC,HARPIC,,
BREF WC,BREF WC,,
DOMESTOS,DOMESTOS,,
CLARCYL,CLARCYL,,
TARAX,TARAX,,
EPARCYL,EPARCYL,,
TOPSOL,TOPSOL,,
GLASSEX,GLASSEX,,
PLIZ,PLIZ,,
DECAP FOUR,DECAP FOUR,,
SOLIFOUR,SOLIFOUR,,
MIROR,MIROR,,
VITROCLEN,VITROCLEN,,
SOLI-INOX,SOLI-INOX,,
COUVER'NET,COUVER'NET,,
DESTOP,DESTOP,,
WK,WK,,
AXAL,AXAL,,
CALGON,CALGON,,
OURAGAN,OURAGAN,,
BRISE,BRISE,,
GLADE,GLADE,,
AIR WICK,AIR WICK,,
BOLDAIR,BOLDAIR,,
AURA,AURA,,
COCO FRIGO,COCO FRIGO,,
ZENSECT,ZENSECT,,
STOP,STOP,,
CATCH,CATCH,,
RAID,RAID,,
FURY,FURY,,
BAYGON,PYREL,,
VITOMIT,VITOMIT,,
FULGATOR,FULGATOR,,
PYREL,PYREL,,
BARANNE,BARANNE,,
TAKIPACK,TAKIPACK,,
HUHTAMAKI,HUHTAMAKI,,
MOULIPACK,MOULIPACK,,
TUSIPACK,TUSIPACK,,
ALPHACID,ALPHACID,,
ALPHATOP,ALPHATOP,,
DELIPACK,DELIPACK,,
OCTOPACK,OCTOPACK,,
ALBAL,ALBAL,,
SCEL O'FRA,SCEL O'FRAIS,,
HANDY BAG,HANDY BAG,,
TOP BAG,1er Prix ,,
SUPRA SAC,1er Prix ,,
SPONTEX,SPONTEX,,
NO BRANDS,NO BRANDS,,
BIC,BIC,,
HARRIS,HARRIS,,
ZIP,ZIP,,
MOLTONEL,MOLTONEL,,
FESS'NET,FESS'NET,,
OKAY,OKAY,,
TORK,TORK,,
SOPALIN,SOPALIN,,
KLEENEX,KLEENEX,,
DEMAK'UP,DEMAKUP,,
PAMPERS,PAMPERS,,
HUGGIES,HUGGIES,,
NANA,NANA,,
VANIA,VANIA,,
ALWAYS,ALWAYS,,
NETT,NETT,,
TAMPAX,TAMPAX,,
TENA,TENA,,
LOVE&GREEN,LOVE&GREEN,,
GDJU PARF,GRAND JURY PARFUMERIE,,
BIEN ETRE,BIEN ETRE,,
MONT ST M.,MONT SAINT MICHEL,,
EAU JEUNE,EAU JEUNE,,
REPLAY,REPLAY,,
L.DUMONT,LAURENCE DUMONT,,
FRUI/FLEUR,FRUIT/FLEUR,,
CLIN OEIL,CLIN OEIL,,
VANDERBILT,VANDERBILT,,
S.ZAITSEV,S.ZAITSEV,,
C.ARBEL,C.ARBEL,,
J.ARTHES,J.ARTHES,,
ULR.VARENS,ULRIC DE VARENS,,
LCS EXCLUS,LES COSMETIQUES,,
HECHTER,HECHTER,,
H/HOMME,H/HOMME,,
BRUT,BRUT DE FABERGE,,
AXE,AXE,,
BOURJOIS,BOURJOIS,,
SCORPIO,SCORPIO,,
ADIDAS,ADIDAS,,
CADUM,CADUM,,
MONSAVON,MONSAVON,,
LE PT OLIV,LE PETIT OLIVIER,,
LE PT MARS,LE PETIT MARSEILLAIS,,
LCS NECTAR,LES COSMETIQUES,,
DOVE,DOVE,,
DIADERMINE,DIADERMINE,,
VENDOME,VENDOME,,
LE NATUREL,LE NATUREL,,
LCS NECT,LES COSMETIQUES,,
SAVONA,SAVONA,,
ENERGIE FR,ENERGIE FR,,
ATOS,ATOS,,
C.FARME,CORINNE DE FARME,,
SANEX,SANEX,,
TAHITI,TAHITI,,
USHUAIA,USHUAIA,,
ULTRA DOUX,ULTRA DOUX,,
NIVEA,NIVEA BABY,,
DOP,DOP,,
MIXA,MIXA BEBE,,
PLAYBOY,PLAYBOY,,
MEN EXPERT,MEN EXPERT,,
WILLIAMS,WILLIAMS,,
LCS,LES COSMETIQUES,,
VEET,VEET,,
REXONA,REXONA,,
NARTA,NARTA,,
MENNEN,MENNEN,,
LCS MEN,LES COSMETIQUES,,
SIGNAL,SIGNAL,,
FLUORYL,FLUORYL,,
SENSODYNE,SENSODYNE,,
AQUAFRESH,AQUAFRESH,,
ORAL B,ORAL B,,
VADEMECUM,VADEMECUM,,
SANOGYL,SANOGYL,,
ZENDIUM,ZENDIUM,,
DENIVIT,HENKEL,,
EMAIL DIAM,EMAIL DIAMANT,,
TERAXYL,TERAXYL,,
LISTERINE,LISTERINE,,
POPSY,POPSY,,
EFISEPTYL,EFISEPTYL,,
POLIDENT,POLIDENT,,
STERADENT,STERADENT,,
FIXODENT,FIXODENT,,
OLIVAFIX,OLIVAFIX,,
FRESCORYL,FRESCORYL,,
FUSION,GILLETTE,,
GILLETTE,MATCH,,
F.PROGLIDE,F.PROGLIDE,,
WILKINSON,WILKINSON,,
PHILIPS,PHILIPS,,
VENUS,VENUS,,
COSMETIQUE,LES COSMETIQUES,,
SAVANE,SAVANE,,
DERMO EXP.,DERMO EXPERT,,
B.GOULD,BARBARA GOULD,,
SKIN NATUR,SKIN NATURE,,
GEMEY,GEMEY,,
SO'BIO ETI,SO'BIO ETI,,
LENART,LENART,,
NEUTROGENA,NEUTROGENA,,
LCS LUMINI,LES COSMETIQUES,,
LCS ULT,LES COSMETIQUES,,
COPAR,COPAR,,
LABELLO,LABELLO,,
DERMOPHIL,DERMOPHIL,,
GARNIER,ULTRA DOUX,,
BIOLANE,BIOLANE,,
NAIR,NAIR,,
BLONDEPIL,BLONDEPIL,,
LINEANCE,LINEANCE,,
LCS LIPO,LES COSMETIQUES,,
LCS PRO,LES COSMETIQUES,,
L'OREAL,L'OREAL,,
MAYBELLINE,GEMEY,,
MIXABEBE,MIXA BEBE,,
POUPINA,POUPINA,,
PITCHOUNE,PITCHOUNE,,
MERCUROCHR,MERCUROCHROME,,
KANDOO,KANDOO,,
A.SOLAIRE,AMBRE SOLAIRE,,
SOLEIL ILE,SOLEIL DES ILES,,
ELNETT,ELNETT,,
DESSANGE,DESSANGE,,
CADONETT,CADONETT,,
TIMOTEI,TIMOTEI,,
ALLURELLE,ALLURELLE,,
F.PROVOST,FRANCK PROVOST,,
SYOSS,SYOSS,,
LCS KERASC,LES COSMETIQUES,,
TAFT,TAFT,,
STUDIO LIN,STUDIO LINE,,
FRUCT.STYL,FRUCTIS STYL,,
VVLE DOP,VIVELLE DOP,,
STYL.ULTIM,STYLISTE ULTIME,,
J.DESSANGE,JACQUES DESSANGE,,
JL DAVID,JEAN-LOUIS DAVID,,
LCS SC,LES COSMETIQUES,,
ROJAFLOR,ROJAFLOR,,
PENTO,PENTO,,
ACTIVILONG,ACTIVILONG,,
BIORENE,BIORENE,,
NATURE MOI,NATURE MOI,,
FRUCTIS,FRUCTIS,,
H&S,H&S,,
ELSEVE,ELSEVE,,
J.FRIEDA,J.FRIEDA,,
GLISS,GLISS,,
ESS.ULTIM.,ESSENCE ULTIME,,
H.EXPERTIS,H.EXPERTIS,,
PETROLE HA,PETROLE HAHN,,
BATISTE,BATISTE,,
PALMER'S,PALMER'S,,
LOVEA,LOVEA,,
DARK&LOVEL,B.BEGINNI,,
LAURA SIMS,LAURA SIMS,,
D.&LOVELY,DARK&LOVELY,,
BELLE COLO,BELLE COLOR,,
PREFERENCE,PREFERENCE,,
EXCELLENCE,EXCELLENCE,,
EUGENE COL,EUGENE COLOR,,
KERANOVE,KERANOVE,,
SOYANCE,SOYANCE,,
BRILLANCE,BRILLANCE,,
DEDICACE,DEDICACE,,
100% COLOR,100% COLOR,,
100 COLOR,100% COLOR,,
MAGIC RETO,CASTING,,
CASTING,CASTING,,
MOVIDA,MOVIDA,,
OLIA,OLIA,,
NORDIC COL,NORDIC COLOR,,
PROGRESS H,PROGRESS H,,
PERMIFIQUE,PERMIFIQUE,,
ROJAPLIS,ROJAPLIS,,
BEL ARGENT,BEL ARGENT,,
PERFECT MO,PERFECT MOUSSE,,
PRODIGY,PRODIGY,,
NECTRA COL,NECTRA COLOR,,
PALETTE,PALETTE,,
KERATIN CO,KERATINE COLOR,,
HANSAPLAST,HANSAPLAST,,
OSCAR DEHN,OSCAR DEHN,,
MARIE ROSE,MARIE ROSE,,
MANIX,MANIX,,
DUREX,DUREX,,
INTIMY,INTIMY,,
QUIES,QUIES,,
SCHOLL,SCHOLL,,
PRESERVEX,PRESERVEX,,
INTIMA,INTIMA,,
FEMFRESH,FEMFRESH,,
VU,VU,,
JUVASANTE,JUVASANTE,,
LABO MROSE,LABO MROSE,,
ECONOMAT,ECONOMAT,,
STA CONCEP,STA CONCEP,,
SMARTWARES,SMARTWARES,,
ENERGIZER,ENERGIZER,,
NAP,NAP,,
ARAVEN,ARAVEN,,
FACKELMANN,FACKELMANN,,
MAPA,MAPA,,
LUMINARC,LUMINARC,,
OXO,OXO,,
GAM,GAM,,
CRF HOME,CARREFOUR HOME,,
ART CUISIN,ART CUISINE,,
MELITTA,MELITTA,,
CILIA,CILIA,,
DEVINEAU,DEVINEAU,,
ALPHACEL,ALPHACEL,,
ALFAPAC,ALFAPAC,,
MATFER,MATFER,,
TONTARELLI,TONTARELLI,,
LE PARFAIT,LE PARFAIT,,
PRESTIPACK,PRESTIPACK,,
CRUDIPACK,CRUDIPACK,,
QUADRIPACK,QUADRIPACK,,
SERVIPACK,SERVIPACK,,
BIOWARE,BIOWARE,,
FLO,FLO,,
CGMP,CGMP,,
POLARITY,POLARITY,,
RONDOPACK,RONDOPACK,,
MIGNARDISE,MIGNARDISE,,
FESTIPACK,FESTIPACK,,
FLY,FLY,,
CHINET,CHINET,,
SEKIPACK,SEKIPACK,,
JVD,JVD,,
GPV,GPV,,
STABILO,STABILO,,
SCOTCH,3M,,
3M,3M,,
POST IT,POST IT,,
SOLVEIG,SOLVEIG,,
SIGN,CARPENTRAS,,
ACTIFEU,ACTIFEU,,
FLOVAL,FLOVAL,,
DIVERS,SUPER GLUE,,
CARREF ECO,CARREFOUR,,
CATSAN,CATSAN,,
SANICAT,SANICAT,,
CAT' BEST,CAT' BEST,,
VITAKRAFT,VITAKRAFT,,
NULLODOR,NULLODOR,,
MASTER CAT,1er Prix ,,
DR FISCHER,DR FISCHER,,
PTX,PTX,,
MIEUXA,MIEUXA,,
AUTOPRATIC,AUTOPRATIC,,
COOL,COOL,,
SPAAS,SPAAS KAARSEN,,
MOULINEX,MOULINEX,,
ROWENTA,ROWENTA,,
GLAM.PARIS,GLAMOUR PARIS,,
MOULIN,MOULIN DE France,,
NORTENE,NORTENE,,
CLAIROR,1er Prix ,,
LCS HYDRA,LES COSMETIQUES,,
..,NULL,,
AIME,AIME,,
SAV.FOREST,SAVEURS FORESTIERES,,
TEX,TEX,,
ARC DISTRI,ARC DISTRIBUTION,,
ESCAZOU,ESCAZOU,,
ROLPH,ROLPH,,
TOP PRIX,TOP PRIX,,
MAPED,MAPED,,
R.D'ARGENT,D'ARGENT,,
GERMAIN,GERMAIN,,
VARTA,VARTA,,
VOUVRAY,PILONNI,,
VILEDA,VILEDA,,
TEX BABY,TEX BABY,,
KIWI,KIWI,,
BEBE CONF,BEBE CONFORT,,
SUCRE ORGE,SUCRE ORGE,,
TIGEX,TIGEX,,
SUPER GLUE,SUPER GLUE,,
TREFILACTI,TREFILACTION,,
HUTCHINSON,HUTCHINSON,,
H.G,H.G,,
WELL,WELL,,
BOISSERIE,BOISSERIE,,
JOULUPUKKI,JOULUPUKKI,,
ELPOZO,ELPOZO,,
SHARWOOD'S,SHARWOOD'S,,
MDD CARREF,GRAND JURY,,
DIM,DIM,,
BRITA,BRITA,,
TG CHEF,TG CHEF,,
SAUMUR,SAUMUR,,
VILLANI,VILLANI FRANCE,,
PAP POITOU,PAPETERIE DU POITOU,,
LA MENAGER,LA MENAGERE,,
NUK,NUK,,
LANDES,LANDES,,
PATTEX,PATTEX,,
VIA ANTICA,VIA ANTICA,,
MONT ARREE,MONT ARREE,,
PULCO BAFP,PULCO,,
NOUNOURS,NOUNOURS,,
L'APERITIF,L'APERITIF,,
KB,KB,,
ELVE,ELVE,,
CANSON,CANSON,,
BECUP,JUVA SANTE ,,
CRF DISC,1er Prix ,,
WATERMAN,WATERMAN,,
PAPER MATE,PAPER MATE,,
BI-TOUCH,BI-TOUCH,,
BARRIELLE,BARRIELLE,,
PRIMA,PRIMA,,
STOP INSEC,STOP,,
DUHALLE,DUHALLE,,
SADER,SADER,,
KODAK,KODAK,,
PILOT,PILOT,,
COREFF,COREFF,,
FA,FA,,
TETRA,TETRA,,
ATOUT,ATOUT,,
GEORGELIN,GEORGELIN,,
PLASTO,PLASTO,,
RHODIA,RHODIA,,
QUID,QUID,,
SANDISK,SANDISK,,
GREENS,GREENS,,
UHU,UHU,,
SIRACUSE,SIRACUSE,,
VALBLAN,VALBLAN,,
LA FAVORIT,LA FAVORITE,,
AUTOUR LIS,AUTOUR LIS,,
RUINART,RUINART,,
ARBRE MAGI,ARBRE MAGIQUE,,
RUBSON,RUBSON,,
TEX SPORT,TEX SPORT,,
OXFORD,OXFORD,,
LA MENAGE,LA MENAGERE,,
VILLENEUVE,VILLENEUVE,,
VULLI,VULLI,,
WD40,WD40,,
LANDES.,LANDES,,
ETCHEA,ETCHEA,,
BJ,BJ,,
LOGITECH,LOGITECH,,
BAUMALU,BAUMALU,,
NORMANDE,1er Prix ,,
PAPERMATE,PAPER MATE,,
ERISTOFF.R,ERISTOFF,,
ERISTOFF.B,ERISTOFF,,
WATTANDCO,WATTANDCO,,
HAWAIIAN,HAWAIIAN,,
WYNN S,WYNN S,,
DURACELL,DURACELL,,
DELYS BY C,DELYS BY C,,NULL
FIRST ALER,FIRST ALER,,NULL
VIROJANGLO,VIROJANGLO,,NULL
JVC,JVC,,NULL
BLUESKY,BLUESKY,,
CARREFOUR BIO,CARREFOUR BIO,,NULL
CITOYENS DU MONDE,CITOYENS DU MONDE,,NULL
MATIN LEGER,MATIN LEGER,,NULL
SILHOUETTE,SILHOUETTE,,NULL
ALPRO,ALPRO,,NULL
CACAO BARRY,CACAO BARRY,,NULL
DAUJAS JEAN,DAUJAS JEAN,,NULL
UNITED BAKE,UNITED BAKE,,NULL
BONNE MAMAN,BONNE MAMAN,,NULL
SIMOS MEDITERRANEAN,SIMOS MEDITERRANEAN,,NULL
REFLETS DE France,REFLETS DE France,,NULL
LES GAVOTTES,LES GAVOTTES,,NULL
STER,STER,,NULL
CARREFOUR KIDS,CARREFOUR KIDS,,NULL
ARMOR DELICES,ARMOR DELICES,,NULL
LULU OURSON,LULU OURSON,,NULL
SAINT MICHEL,SAINT MICHEL,,NULL
TERRE Italie,TERRE Italie,,NULL
BISCUITERIE DE L'ABBAYE,BISCUITERIE DE L'ABBAYE,,NULL
BISCUITERIE DU COTENTIN,BISCUITERIE DU COTENTIN,,NULL
KELLOGG'S,KELLOGG'S,,NULL
MERE POULARD,MERE POULARD,,NULL
MICHEL & AUGUSTIN,MICHEL & AUGUSTIN,,NULL
MONDELEZ FR,MONDELEZ FR,,NULL
PETIT BRUN,PETIT BRUN,,
PETITS AMOURS,PETITS AMOURS,,NULL
ROUGER PRODUCTION,ROUGER PRODUCTION,,NULL
SAINT AUBERT,SAINT AUBERT,,NULL
CARREFOUR SELECTION,CARREFOUR SELECTION,,NULL
DELICHOC,DELICHOC,,NULL
J. DESTROOPER,J. DESTROOPER,,NULL
M&M'S,M&M'S,,NULL
PETIT ECOLIER,PETIT ECOLIER,,NULL
GOURMANDES ,GOURMANDES ,,NULL
MICHEL&AUGUSTIN,MICHEL&AUGUSTIN,,NULL
TRIOMPHE SN,TRIOMPHE SN,,NULL
JEAN DUCOURTIEUX,JEAN DUCOURTIEUX,,NULL
MANOIR DES ,MANOIR DES ,,NULL
CARREFOUR LIGHT,CARREFOUR LIGHT,,NULL
MONSTER MUNCH,MONSTER MUNCH,,NULL
PEPSICO FRA,PEPSICO FRA,,NULL
GRAND JURY EQUILIBRE,GRAND JURY EQUILIBRE,,NULL
BLUE DIAMOND,BLUE DIAMOND,,NULL
FRIT RAVICH,FRIT RAVICH,,NULL
GRAND JURY BIO,GRAND JURY BIO,,NULL
GRAND JURY EQUITABLE,GRAND JURY EQUITABLE,,NULL
BROCELIANDE,BROCELIANDE,,NULL
CARTE NOIRE,CARTE NOIRE,,NULL
HAVRE DE GRACE,HAVRE DE GRACE,,NULL
JACOBS DOUW,JACOBS DOUW,,NULL
JACQUES VABRE,JACQUES VABRE,,NULL
JDE TRADING,JDE TRADING,,NULL
MAISON DU CAFE,MAISON DU CAFE,,NULL
VELOURS NOIR,VELOURS NOIR,,NULL
MAXWELL HOUSE,MAXWELL HOUSE,,NULL
CARREFOUR AGIR,CARREFOUR AGIR,,NULL
GRAND COMPTOIR,GRAND COMPTOIR,,NULL
LA TISANIERE,LA TISANIERE,,NULL
LA PIE QUI CHANTE,LA PIE QUI CHANTE,,NULL
ATELIER D'ETRAN,ATELIER D'ETRAN,,NULL
DUPONT D'ISIGNY,DUPONT D'ISIGNY,,NULL
LASSOS,LASSOS,,NULL
PASTILLE VICHY,PASTILLE VICHY,,NULL
BRABO France,BRABO France,,NULL
GOM'S,GOM'S,,NULL
LA VOSGIENNE,LA VOSGIENNE,,NULL
BRABO,BRABO,,
CHUPA CHUPS,CHUPA CHUPS,,NULL
MAM.MAGIC POP,MAM.MAGIC POP,,NULL
SOLINEST,SOLINEST,,NULL
CARREFOUR DISCOUNT,CARREFOUR DISCOUNT,,NULL
KIT KAT,KIT KAT,,NULL
CHEVALIER ARGOUGES,CHEVALIER ARGOUGES,,NULL
AFTER EIGHT,AFTER EIGHT,,NULL
CELEBRATION,CELEBRATION,,NULL
FERRERO France,FERRERO France,,NULL
QUALITY STREET,QUALITY STREET,,NULL
CONDIFA,CONDIFA,,NULL
COULEUR QUEBEC,COULEUR QUEBEC,,NULL
FRUITS DELICE,FRUITS DELICE,,NULL
GASCOGNE INVEST.,GASCOGNE INVEST.,,NULL
NOIX GAILLARD,NOIX GAILLARD,,NULL
FRUIT RAVICH,FRUIT RAVICH,,NULL
MAITRE PATISSIER,MAITRE PATISSIER,,NULL
SAINT LOUIS,SAINT LOUIS,,NULL
TEREOS SUCRES,TEREOS SUCRES,,NULL
HERMES GINKO,HERMES GINKO,,NULL
SUNNY DELIGHT,SUNNY DELIGHT,,NULL
BIOTHENTIC,BIOTHENTIC,,NULL
JARDIN BIOLOGIQUE,JARDIN BIOLOGIQUE,,NULL
TERRES&CEREALES,TERRES&CEREALES,,NULL
AMY S KITCHEN,AMY S KITCHEN,,NULL
BONJOUR CAMPAGNE,BONJOUR CAMPAGNE,,NULL
CERECO ,CERECO ,,NULL
CHARLES VIGNON,CHARLES VIGNON,,NULL
CLIPPER,CLIPPER,,NULL
MON FOURNIL,MON FOURNIL,,NULL
NATURENVIE,NATURENVIE,,NULL
PAULS,PAULS,,NULL
UN AIR D'ICI,UN AIR D'ICI,,NULL
CARREFOUR NUTRITION,CARREFOUR NUTRITION,,NULL
FLORESSANCE,FLORESSANCE,,NULL
JUVAFLORINE,JUVAFLORINE,,NULL
MERCUROCHROME,MERCUROCHROME,,NULL
CONFITURES DE PROVENCE,CONFITURES DE PROVENCE,,NULL
MIEL BESACIER,MIEL BESACIER,,NULL
CARREFOUR EXOTIQUE,CARREFOUR EXOTIQUE,,NULL
Marque Distributeur,Marque Distributeur,,NULL
AMBROSIA,AMBROSIA,,NULL
BIRDS,BIRDS,,NULL
BLUE DRAGON,BLUE DRAGON,,NULL
BON APPETIT,BON APPETIT,,
CAP 2000 SA,CAP 2000 SA,,NULL
CHAINKWO,CHAINKWO,,NULL
CHALEURS CREOLES,CHALEURS CREOLES,,NULL
CHIRAG,CHIRAG,,NULL
COLMAN'S,COLMAN'S,,NULL
CREOLES FOOD,CREOLES FOOD,,NULL
DAME BESSON,DAME BESSON,,NULL
EPIDIS,EPIDIS,,NULL
ERIDAN,ERIDAN,,NULL
GENERAL MIL,GENERAL MIL,,NULL
GULLON,GULLON,,NULL
HARTLEYS,HARTLEYS,,NULL
HOVIS,HOVIS,,NULL
ITAL PASSIO,ITAL PASSIO,,NULL
KOOZ,KOOZ,,NULL
LA PASTILLA,LA PASTILLA,,
MAXI SEC,MAXI SEC,,NULL
MEDIASCORE,MEDIASCORE,,NULL
OCEAN SPRAY,OCEAN SPRAY,,NULL
OLD EL PASO,OLD EL PASO,,NULL
P.NOSARI,P.NOSARI,,NULL
PARAMPARA,PARAMPARA,,NULL
PLAZA DEL SOL,PLAZA DEL SOL,,NULL
ROYAL UMBREL,ROYAL UMBREL,,NULL
SUZIWAN,SUZIWAN,,NULL
THAI KITCHEN,THAI KITCHEN,,NULL
TOCO,TOCO,,NULL
UNCLE BEN'S,UNCLE BEN'S,,NULL
FERME DU MESNIL,FERME DU MESNIL,,NULL
CŒUR DE BLE,CŒUR DE BLE,,NULL
MOULIN DE France,MOULIN DE France,,NULL
EPI CHEF,EPI CHEF,,NULL
GRANDS MOULINS PARIS,GRANDS MOULINS PARIS,,NULL
MOLINI PIVE,MOLINI PIVE,,NULL
MOLINO,MOLINO,,NULL
ALPINA SAVOIE,ALPINA SAVOIE,,NULL
PETIT NAVIRE,PETIT NAVIRE,,NULL
VIVIEN PAILLE,VIVIEN PAILLE,,NULL
SOUBRY J.SA,SOUBRY J.SA,,NULL
RIVOIRE & CARRET,RIVOIRE & CARRET,,NULL
GEORGELIN CONFISERIE,GEORGELIN CONFISERIE,,NULL
TAUREAU AILE,TAUREAU AILE,,NULL
LA POTAGERE,LA POTAGERE,,NULL
POTAGE BIO,POTAGE BIO,,NULL
CLASSIC FOODS,CLASSIC FOODS,,NULL
DELECTABLE,DELECTABLE,,NULL
JARDIN ORANTE,JARDIN ORANTE,,NULL
LA CIOTAT,LA CIOTAT,,NULL
SDV SELECTION,SDV SELECTION,,NULL
VITALY'S,VITALY'S,,NULL
PHARE CAP BON,PHARE CAP BON,,NULL
BAZKARI,BAZKARI,,NULL
TOURANGELLE,TOURANGELLE,,NULL
LA TOURANGELLE,LA TOURANGELLE,,NULL
SMILDE FOOD,SMILDE FOOD,,NULL
BASTIDE,BASTIDE,,NULL
D'ARGENT,D'ARGENT,,NULL
MEDOLIO,MEDOLIO,,NULL
TERRA DEL SOLE,TERRA DEL SOLE,,NULL
TERRA DELYSSA,TERRA DELYSSA,,NULL
CODEFA-ORCA,CODEFA-ORCA,,NULL
RECETTE CHAUDRON,RECETTE CHAUDRON,,NULL
SAINT MAMET,SAINT MAMET,,NULL
CHIVERS,CHIVERS,,NULL
FRUITS NORMANDS,FRUITS NORMANDS,,NULL
ADDUCO,ADDUCO,,NULL
MICHAUD FAM,MICHAUD FAM,,NULL
RUCHES PAUMERAI,RUCHES PAUMERAI,,NULL
DUPONY D'ISIGNY,DUPONY D'ISIGNY,,NULL
SEPAL,SEPAL,,NULL
BORDES,BORDES,,NULL
MARGERIDES,MARGERIDES,,NULL
ROCHEFONTAINE,ROCHEFONTAINE,,NULL
ROYAL CHAMPIGNON,ROYAL CHAMPIGNON,,NULL
LES CHAMPIGNADES,LES CHAMPIGNADES,,NULL
RAYNAL&ROQUELAURE,RAYNAL&ROQUELAURE,,NULL
SAVEUR D'AUGE,SAVEUR D'AUGE,,NULL
PECHEURS DE France,PECHEURS DE France,,NULL
PRINCES FOODS,PRINCES FOODS,,NULL
GENDREAU,GENDREAU,,NULL
AVON&RAGOBE,AVON&RAGOBE,,NULL
TABLE DE GUILLAUME,TABLE DE GUILLAUME,,NULL
WILLIAM SAURIN,WILLIAM SAURIN,,NULL
CARREFOUR CDM,CARREFOUR CDM,,NULL
LA BELLE CHAURIENNE,LA BELLE CHAURIENNE,,NULL
SOULIER,SOULIER,,NULL
PETIT MARMITON,PETIT MARMITON,,NULL
CUISINE OCEANE,CUISINE OCEANE,,
WEIGHT WATCHERS,WEIGHT WATCHERS,,NULL
CARREFOUR BABY,CARREFOUR BABY,,NULL
CARREFOURRF BABY,CARREFOURRF BABY,,NULL
CANDIA BABY,CANDIA BABY,,NULL
NUTRICIA,NUTRICIA,,NULL
NESTLE PURI,NESTLE PURI,,NULL
PEDIGREE PAL,PEDIGREE PAL,,NULL
PURINA FELIX,PURINA FELIX,,NULL
PURINA GOURMET,PURINA GOURMET,,NULL
CATISFACTIONS,CATISFACTIONS,,NULL
CHERRY COKE,CHERRY COKE,,NULL
PEPSI COLA,PEPSI COLA,,NULL
U-MAN,U-MAN,,NULL
BEAUTIFUL B,BEAUTIFUL B,,NULL
CRAZY TIGER,CRAZY TIGER,,NULL
SUPERMAN,SUPERMAN,,NULL
TRUC DE FOU,TRUC DE FOU,,NULL
FRESH FOOD ,FRESH FOOD ,,NULL
SOURCE PAROT,SOURCE PAROT,,NULL
VAL DE RANCE,VAL DE RANCE,,NULL
INDIAN TONIC,INDIAN TONIC,,NULL
MAISON DU W,MAISON DU W,,NULL
COEUR POMME,COEUR POMME,,NULL
COLIBRI,COLIBRI,,NULL
PETIT JULES,PETIT JULES,,NULL
SIROP SPORT,SIROP SPORT,,NULL
BRASSERIE LICORNE,BRASSERIE LICORNE,,NULL
KRONENBOURG,KRONENBOURG,,NULL
BIERE ABBAYE,BIERE ABBAYE,,NULL
ABBAYE DE LEFFE,ABBAYE DE LEFFE,,NULL
BIER ATLAS,BIER ATLAS,,NULL
BIERE DEMON,BIERE DEMON,,NULL
CASABLANCA,CASABLANCA,,NULL
CASTELAIN,CASTELAIN,,NULL
CORONITA,CORONITA,,NULL
CUVEE DES TROLLS,CUVEE DES TROLLS,,NULL
GEORGE KILLIAN'S,GEORGE KILLIAN'S,,NULL
GRAIN D'ORGE,GRAIN D'ORGE,,NULL
GROUP BIERE,GROUP BIERE,,NULL
KARMELITE,KARMELITE,,NULL
LICORNE,LICORNE,,NULL
LONDON PRID,LONDON PRID,,NULL
MORT SUBITE,MORT SUBITE,,NULL
MYTHOS,MYTHOS,,NULL
OHARAS,OHARAS,,NULL
RINCE COCHON,RINCE COCHON,,NULL
SABMILLER BRANDS,SABMILLER BRANDS,,NULL
SECRET DES MOINES,SECRET DES MOINES,,NULL
WEST COAST,WEST COAST,,NULL
BIGOUD (EUR,BIGOUD (EUR,,NULL
BIGOUDEN,BIGOUDEN,,NULL
CELLIERS ASSOCIES,CELLIERS ASSOCIES,,NULL
LOIC RAISON,LOIC RAISON,,NULL
ARTESIAN,ARTESIAN,,NULL
CHAUDFONTAINE,CHAUDFONTAINE,,NULL
CONTREXEVILLE,CONTREXEVILLE,,NULL
INTERNATIONAL BEERS,INTERNATIONAL BEERS,,NULL
MONT ROUCOUS,MONT ROUCOUS,,NULL
SAINT AMAND,SAINT AMAND,,NULL
SOCIETE ALIX,SOCIETE ALIX,,NULL
BADOIT ROUGE,BADOIT ROUGE,,
SAINT YORRE,SAINT YORRE,,NULL
SAN PELLEGRINO,SAN PELLEGRINO,,NULL
VICHY CELESTINS,VICHY CELESTINS,,NULL
FRESH FOOD VILLAGE,FRESH FOOD VILLAGE,,NULL
.,,,NULL
MAITRES GOUSTIERS,MAITRES GOUSTIERS,,NULL
COURANCES,COURANCES,,NULL
LARMIGNY,LARMIGNY,,NULL
LOUIS DE RETZ,LOUIS DE RETZ,,NULL
ALFRED ROTHSCHILD,ALFRED ROTHSCHILD,,NULL
CANARD DUCHENE,CANARD DUCHENE,,NULL
CHARLES LAFITTE,CHARLES LAFITTE,,NULL
DE CASTELLANE,DE CASTELLANE,,NULL
LAURENT PERRIER,LAURENT PERRIER,,NULL
MOET & CHANDON,MOET & CHANDON,,NULL
N.GUEUSQUIN,N.GUEUSQUIN,,NULL
NICOLAS FEUILLATE,NICOLAS FEUILLATE,,NULL
VEUVE CLIQUOT,VEUVE CLIQUOT,,NULL
DURENMEY,DURENMEY,,NULL
DURENMEYER,DURENMEYER,,NULL
ENGHIEN,ENGHIEN,,NULL
HONORE,HONORE,,NULL
J.LAFONT,J.LAFONT,,NULL
PETER HERRES GMBH,PETER HERRES GMBH,,NULL
ALFRED METZ,ALFRED METZ,,NULL
BLANC FOUSSY,BLANC FOUSSY,,NULL
BOUVET LADUBAY,BOUVET LADUBAY,,NULL
CAFE DE PARIS,CAFE DE PARIS,,NULL
CHARLES VOLNER,CHARLES VOLNER,,NULL
GRATIEN MEYER ,GRATIEN MEYER ,,NULL
MONCONTOUR,MONCONTOUR,,NULL
MONTLOUIS,MONTLOUIS,,NULL
PILONNI,PILONNI,,NULL
PREDIL,PREDIL,,NULL
ROTHSCHILD FRANCE,ROTHSCHILD FRANCE,,NULL
SOUDRILLE,SOUDRILLE,,NULL
SVF,SVF,,NULL
VEUVE AMBAL,VEUVE AMBAL,,NULL
VEUVE AMIOT,VEUVE AMIOT,,NULL
VEUVE ARGENT,VEUVE ARGENT,,NULL
BAYANIS,BAYANIS,,NULL
BEAUME DE VENISE,BEAUME DE VENISE,,NULL
LA PEYRADE,LA PEYRADE,,NULL
RAPHAEL,RAPHAEL,,NULL
FORTENI,FORTENI,,NULL
AMBASSADEUR,AMBASSADEUR,,NULL
MARTINI BIANCO,MARTINI BIANCO,,NULL
MARTINI ROSATO,MARTINI ROSATO,,NULL
MARTINI ROSSO,MARTINI ROSSO,,NULL
SAINT RAPHAEL,SAINT RAPHAEL,,NULL
MARINA DE FRUTO,MARINA DE FRUTO,,NULL
NOILLY PRAT,NOILLY PRAT,,NULL
GRAHAM'S,GRAHAM'S,,NULL
FERNET BRANCA,FERNET BRANCA,,NULL
VENEZZIO BITTER,VENEZZIO BITTER,,NULL
BARDINET,BARDINET,,NULL
MISTER COCKTAIL,MISTER COCKTAIL,,NULL
SAINT JAMES,SAINT JAMES,,NULL
SAINT MERAC,SAINT MERAC,,NULL
AUGIER,AUGIER,,NULL
BEAUPREAU,BEAUPREAU,,NULL
REMY MARTIN,REMY MARTIN,,NULL
PÈRE DAMIEN,PÈRE DAMIEN,,NULL
PERE MAGLOIRE,PERE MAGLOIRE,,NULL
CARNIATO,CARNIATO,,NULL
MARIE BRIZARD,MARIE BRIZARD,,NULL
BENEDICTINE,BENEDICTINE,,NULL
GRAND MARNIER,GRAND MARNIER,,NULL
HERITIER GUYOT,HERITIER GUYOT,,NULL
JAGERMEISTER,JAGERMEISTER,,NULL
MANZANITA,MANZANITA,,NULL
NAPOLEON,NAPOLEON,,NULL
PISANG AMBON,PISANG AMBON,,NULL
TERROIRS,TERROIRS,,NULL
CAPTAIN MORGAN,CAPTAIN MORGAN,,NULL
CENTENARIO,CENTENARIO,,NULL
DICTADOR,DICTADOR,,NULL
DIPLOMATICO ,DIPLOMATICO ,,NULL
DIPLOMATICO ANEJO,DIPLOMATICO ANEJO,,NULL
DUGAS,DUGAS,,NULL
GIFFARD DIS,GIFFARD DIS,,NULL
HAVANA CLUB,HAVANA CLUB,,NULL
LA FAVORITE,LA FAVORITE,,NULL
LIXIR,LIXIR,,NULL
SAS ODEVIE,SAS ODEVIE,,NULL
VALOIS,VALOIS,,NULL
OLD THAMES,OLD THAMES,,NULL
FILLIER,FILLIER,,NULL
MARE,MARE,,NULL
SNIEZKA,SNIEZKA,,NULL
STOLICHNAYA,STOLICHNAYA,,NULL
CAMINO REAL,CAMINO REAL,,NULL
TRADELINK GROUPE,TRADELINK GROUPE,,NULL
KEN LOUGH,KEN LOUGH,,NULL
LOCH CASTLE,LOCH CASTLE,,NULL
ARDOMRE,ARDOMRE,,NULL
BALLANTINE'S,BALLANTINE'S,,NULL
CLAN CAMPBEL,CLAN CAMPBEL,,NULL
CROWN ROYAL,CROWN ROYAL,,NULL
DUGAS ETS,DUGAS ETS,,NULL
EARLY TIME,EARLY TIME,,NULL
GLEFARCLAS,GLEFARCLAS,,NULL
GLEN DEVERON,GLEN DEVERON,,NULL
GLEN TURNER,GLEN TURNER,,NULL
GLENFIDDICH,GLENFIDDICH,,NULL
GLENMORANGIE,GLENMORANGIE,,NULL
JACK DANIEL'S,JACK DANIEL'S,,NULL
JOHNNY WALKER,JOHNNY WALKER,,NULL
MONKEY SHOULDER,MONKEY SHOULDER,,NULL
OLD VIRGINIA,OLD VIRGINIA,,NULL
SIR EDWARD'S,SIR EDWARD'S,,NULL
TOGOUCHI,TOGOUCHI,,NULL
WILLIAM LAWSON'S,WILLIAM LAWSON'S,,NULL
WILLIAM PEEL,WILLIAM PEEL,,NULL
WOODFORD,WOODFORD,,NULL
SAINT VIVANT,SAINT VIVANT,,NULL
LA MARTINIQUAISE,LA MARTINIQUAISE,,NULL
CARREFOUR ECOPLA,CARREFOUR ECOPLA,,NULL
MAISON VERTE,MAISON VERTE,,NULL
MIR COULEURS,MIR COULEURS,,NULL
SUPER CROIX,SUPER CROIX,,NULL
X-TRA,X-TRA,,NULL
EAU ECARLATE,EAU ECARLATE,,NULL
SCOTCH-BRITE,SCOTCH-BRITE,,NULL
FAIRY,FAIRY,,NULL
JEX PRO,JEX PRO,,NULL
MIR VAISSELLE,MIR VAISSELLE,,NULL
SAINT MARC,SAINT MARC,,NULL
SOLIVAISSELLE,SOLIVAISSELLE,,NULL
PROVENCE ORAPI,PROVENCE ORAPI,,NULL
CARREFOUR HOME,CARREFOUR HOME,,NULL
CHANTECLAIR,CHANTECLAIR,,NULL
CILLIT BANG,CILLIT BANG,,NULL
SOLICUISINE,SOLICUISINE,,NULL
JAG,JAG,,NULL
MIR MOQUETTE,MIR MOQUETTE,,NULL
CANARD WC,CANARD WC,,NULL
HENKEL,HENKEL,,NULL
HUHTAMAKI FOOD,HUHTAMAKI FOOD,,NULL
NORDIA,NORDIA,,NULL
SABERT EUROPE,SABERT EUROPE,,NULL
SCEL O'FRAIS,SCEL O'FRAIS,,NULL
SOLIA,SOLIA,,NULL
LABORATOIRE QUOTYGIE,LABORATOIRE QUOTYGIE,,NULL
GRAND JURY PARFUMERIE,GRAND JURY PARFUMERIE,,NULL
MONT SAINT MICHEL,MONT SAINT MICHEL,,NULL
LES COSMETIQUES,LES COSMETIQUES,,NULL
ADHRENA DISTRIBUTION,ADHRENA DISTRIBUTION,,NULL
BRUT DE FABERGE,BRUT DE FABERGE,,NULL
FRUIT/FLEUR,FRUIT/FLEUR,,NULL
LAURENCE DUMONT,LAURENCE DUMONT,,NULL
PTIT PLAISIR,PTIT PLAISIR,,NULL
ULRIC DE VARENS,ULRIC DE VARENS,,NULL
LASCAD,LASCAD,,NULL
LE PETIT MARSEILLAIS,LE PETIT MARSEILLAIS,,NULL
LE PETIT OLIVIER,LE PETIT OLIVIER,,NULL
CORINNE DE FARME,CORINNE DE FARME,,NULL
CORRINE DE FARME,CORRINE DE FARME,,NULL
LES COSMETIQUES NECTAR,LES COSMETIQUES NECTAR,,NULL
EMAIL DIAMANT,EMAIL DIAMANT,,NULL
MATCH,MATCH,,NULL
BARBARA GOULD,BARBARA GOULD,,NULL
DERMO EXPERT,DERMO EXPERT,,NULL
SKIN NATURE,SKIN NATURE,,NULL
DEMAKUP,DEMAKUP,,NULL
MIXA BEBE,MIXA BEBE,,NULL
NIVEA BABY,NIVEA BABY,,NULL
GLAMOUR PARIS,GLAMOUR PARIS,,NULL
AMBRE SOLAIRE,AMBRE SOLAIRE,,NULL
SOLEIL DES ILES,SOLEIL DES ILES,,NULL
FRANCK PROVOST,FRANCK PROVOST,,NULL
FRUCTIS STYL,FRUCTIS STYL,,NULL
JACQUES DESSANGE,JACQUES DESSANGE,,NULL
JEAN-LOUIS DAVID,JEAN-LOUIS DAVID,,NULL
STUDIO LINE,STUDIO LINE,,NULL
STUDIO PRO,STUDIO PRO,,NULL
STYLISTE ULTIME,STYLISTE ULTIME,,NULL
VIVELLE DOP,VIVELLE DOP,,NULL
ESSENCE ULTIME,ESSENCE ULTIME,,NULL
FRUCTIS STYLE,FRUCTIS STYLE,,NULL
LE  PETIT OLIVIER,LE  PETIT OLIVIER,,NULL
PETROLE HAHN,PETROLE HAHN,,NULL
SKF,SKF,,NULL
B.BEGINNI,B.BEGINNI,,NULL
DARK&LOVELY,DARK&LOVELY,,NULL
BELLE COLOR,BELLE COLOR,,NULL
EUGENE COLOR,EUGENE COLOR,,NULL
KERATINE COLOR,KERATINE COLOR,,NULL
NECTRA COLOR,NECTRA COLOR,,NULL
NORDIC COLOR,NORDIC COLOR,,NULL
PERFECT MOUSSE,PERFECT MOUSSE,,NULL
JUVA SANTE ,JUVA SANTE ,,NULL
CLEARBLUE,CLEARBLUE,,NULL
METTLER PAP,METTLER PAP,,NULL
SANS MARQUE,SANS MARQUE,,NULL
GAULT ET FREMONT,GAULT ET FREMONT,,NULL
GUILLIN EMB,GUILLIN EMB,,NULL
GUILLIN EMBALLAGES,GUILLIN EMBALLAGES,,NULL
VALERO,VALERO,,NULL
ARGUYDAL,ARGUYDAL,,NULL
PLASTICAEN,PLASTICAEN,,NULL
SIPALDIS,SIPALDIS,,NULL
THIOLAT,THIOLAT,,NULL
XEROX,XEROX,,NULL
TREFILACTION,TREFILACTION,,NULL
PROXI,PROXI,,NULL
SPAAS KAARSEN,SPAAS KAARSEN,,NULL
KARIS,KARIS,,NULL
MONDEX,MONDEX,,NULL
DEREN ET CIE,DEREN ET CIE,,NULL
LA MENAGERE,LA MENAGERE,,NULL
ARC DISTRIBUTION,ARC DISTRIBUTION,,NULL
ARTMADIS,ARTMADIS,,NULL
CGMP TUFFE,CGMP TUFFE,,NULL
NOVAST,NOVAST,,NULL
ART CUISINE,ART CUISINE,,NULL
FACKELMAN ,FACKELMAN ,,NULL
JENSEN,JENSEN,,NULL
TARRERIAS,TARRERIAS,,NULL
ALPHAFORM,ALPHAFORM,,NULL
OPTIPACK,OPTIPACK,,NULL
JVD SA,JVD SA,,NULL
BEPULP,BEPULP,,NULL
LOGIDIS,LOGIDIS,,NULL
NUPIK,NUPIK,,NULL
SABERT ,SABERT ,,NULL
GPV FRANCE,GPV FRANCE,,NULL
CARPENTRAS,CARPENTRAS,,NULL
REYNOLDS,REYNOLDS,,NULL
TIPP EX,TIPP EX,,NULL
HAMELIN SAS,HAMELIN SAS,,NULL
PAPETERIES SILL,PAPETERIES SILL,,NULL
PAPETERIE DU POITOU,PAPETERIE DU POITOU,,NULL
COMMERCE SE,COMMERCE SE,,NULL
COMMERCE SERVICE,COMMERCE SERVICE,,NULL
PELTRACOM,PELTRACOM,,NULL
FLORENDI JARDIN,FLORENDI JARDIN,,NULL
ANIFA,ANIFA,,
RIGA,RIGA,,NULL
TERDIS,TERDIS,,NULL
NOVIAL,NOVIAL,,NULL
UCALPI,UCALPI,,NULL
LOTUS PRO,LOTUS PRO,,NULL
NINGBO YINZHOU POTIS,NINGBO YINZHOU POTIS,,NULL
ARBRE MAGIQUE,ARBRE MAGIQUE,,NULL
TETROSYL,TETROSYL,,
FRIODIS,FRIODIS,,NULL
DENIS,DENIS,,NULL
SPASS KAARSEN,SPASS KAARSEN,,NULL
BEBE CONFORT,BEBE CONFORT,,NULL
WISMER,WISMER,,NULL
ISLA MONDIAL,ISLA MONDIAL,,NULL
ANCEL RISTORANTE,ANCEL RISTORANTE,,NULL
PIZZA DE MANOSQUE,PIZZA DE MANOSQUE,,NULL
SAVIGNY SURGELES,SAVIGNY SURGELES,,NULL
SIGAL,SIGAL,,NULL
ASIA FOOD C,ASIA FOOD C,,NULL
ASIA FOOD CO SAS,ASIA FOOD CO SAS,,NULL
CHAPUIS,CHAPUIS,,NULL
CIE ARTIQUE,CIE ARTIQUE,,NULL
ORIENTAL VIANDE,ORIENTAL VIANDE,,NULL
GRAND JURY PREMIUM,GRAND JURY PREMIUM,,NULL
ABCD,ABCD,,NULL
CAMARGUE PRODUCTION,CAMARGUE PRODUCTION,,NULL
CP MERCHANDISING,CP MERCHANDISING,,NULL
France KEBAB,France KEBAB,,NULL
HALIEUTIS S,HALIEUTIS S,,NULL
ISLA DELICE,ISLA DELICE,,NULL
MOY PARK FRANCE,MOY PARK FRANCE,,NULL
TENDRE PLUS,TENDRE PLUS,,NULL
THAI THAI,THAI THAI,,NULL
TIPIAK TRAITEUR ,TIPIAK TRAITEUR ,,NULL
TRAITEUR CORNOUIAILLES,TRAITEUR CORNOUIAILLES,,NULL
TRAITEUR DE PARIS,TRAITEUR DE PARIS,,NULL
TRAITEUR PARIS,TRAITEUR PARIS,,NULL
AQUALIS SEA,AQUALIS SEA,,NULL
MAG,MAG,,NULL
CITE MARINE,CITE MARINE,,NULL
FRANCAISE DE GASTRONOMIE,FRANCAISE DE GASTRONOMIE,,NULL
FRANCAISE DE GASTRONOMIE RESTO,FRANCAISE DE GASTRONOMIE RESTO,,NULL
GELAZUR,GELAZUR,,NULL
MARAIS,MARAIS,,NULL
PACIFIC WES,PACIFIC WES,,NULL
PRE D'AUGE,PRE D'AUGE,,NULL
SILL ARTIQUE,SILL ARTIQUE,,NULL
CARREFOUR HALAL,CARREFOUR HALAL,,NULL
ARCADIE SUD,ARCADIE SUD,,NULL
CONVIVIAL,CONVIVIAL,,NULL
JEAN FLOCH,JEAN FLOCH,,NULL
MONFORT,MONFORT,,NULL
ORIENT HALAL,ORIENT HALAL,,NULL
BODIN,BODIN,,NULL
CAILLOR,CAILLOR,,NULL
DEFIAL AILLIANCE,DEFIAL AILLIANCE,,NULL
DEFIAL AILLY,DEFIAL AILLY,,NULL
DOUX,DOUX,,NULL
FLECHARD,FLECHARD,,NULL
ICIBEX,ICIBEX,,NULL
PRIMEX INTERNATIONAL,PRIMEX INTERNATIONAL,,NULL
RAMON,RAMON,,NULL
FGDS,FGDS,,NULL
BERNARD,BERNARD,,NULL
SELBA,SELBA,,
FCV SAS,FCV SAS,,NULL
GBV BONNET,GBV BONNET,,NULL
KERANNA,KERANNA,,NULL
BONNET,BONNET,,NULL
RONSARD,RONSARD,,NULL
CITE GOURMANDE,CITE GOURMANDE,,NULL
POM BISTROT,POM BISTROT,,NULL
MC CAIN ,MC CAIN ,,NULL
PAYSAN BRETON,PAYSAN BRETON,,NULL
GENERALE SURGELATION,GENERALE SURGELATION,,NULL
BEGRO,BEGRO,,NULL
AMY KITCHEN,AMY KITCHEN,,NULL
PRIMEL GASTRONOMIE,PRIMEL GASTRONOMIE,,NULL
ACE INTERNATIONAL,ACE INTERNATIONAL,,NULL
AJINOMOTO FOOD EURO,AJINOMOTO FOOD EURO,,NULL
ASIA FOOD,ASIA FOOD,,NULL
COOKIE CREATIONS,COOKIE CREATIONS,,NULL
DELICES DES,DELICES DES,,NULL
FOURNIL FRANCE,FOURNIL FRANCE,,NULL
NEUHAUSER,NEUHAUSER,,NULL
FRUITS ROUGES,FRUITS ROUGES,,NULL
JARDIFRUITS,JARDIFRUITS,,NULL
ROUGE PARFUM,ROUGE PARFUM,,NULL
ALTI FLORE,ALTI FLORE,,NULL
EURL MORANE,EURL MORANE,,NULL
LA FABRIQUE DU SUD,LA FABRIQUE DU SUD,,NULL
LA FABRIQUE,LA FABRIQUE,,NULL
BEN&JERRY'S,BEN&JERRY'S,,NULL
YETIGEL,YETIGEL,,NULL
GLACIERE NARBONNAISE,GLACIERE NARBONNAISE,,NULL
ROLLAND,ROLLAND,,NULL
DELIDESS,DELIDESS,,NULL
SAPORIT SAR,SAPORIT SAR,,NULL
AMERICAN DE,AMERICAN DE,,NULL
AMERICAN DESSERTS,AMERICAN DESSERTS,,NULL
CHATEAU BLANC,CHATEAU BLANC,,NULL
FRANCE EUROPE,FRANCE EUROPE,,NULL
EUROPE (L')DES PAINS,EUROPE (L')DES PAINS,,NULL
GERBE SAVOYARDE,GERBE SAVOYARDE,,NULL
GRAIN D'OR GEL,GRAIN D'OR GEL,,NULL
LUBRANO,LUBRANO,,NULL
SAS LUBRANO,SAS LUBRANO,,NULL
LANTMANNEN ,LANTMANNEN ,,NULL
LANTMANNEN UNIBAKE,LANTMANNEN UNIBAKE,,NULL
LIGHTBODY EUROPE,LIGHTBODY EUROPE,,NULL
MAG'M,MAG'M,,NULL
PODIS,PODIS,,NULL
SOFRAPAIN,SOFRAPAIN,,NULL
HURST SNC,HURST SNC,,NULL
ARGRU,ARGRU,,NULL
DELICE DES 7 VALLEES,DELICE DES 7 VALLEES,,NULL
DELICES DES 7 VALLEES,DELICES DES 7 VALLEES,,NULL
FONTENEAU ,FONTENEAU ,,NULL
BRIOCHE ET VIENNOISE,BRIOCHE ET VIENNOISE,,NULL
POPPIES FRANCE,POPPIES FRANCE,,NULL
BRIDOR CERF,BRIDOR CERF,,NULL
DELMOTTE CHRISTOPHE,DELMOTTE CHRISTOPHE,,NULL
DESSERT FACTORY,DESSERT FACTORY,,NULL
GEL PAT,GEL PAT,,NULL
MARTINE,MARTINE,,NULL
PATISSERIE KERMER,PATISSERIE KERMER,,NULL
PROLAINAT,PROLAINAT,,NULL
COMPAGNIE P,COMPAGNIE P,,NULL
STEPHAN PATISSERIE,STEPHAN PATISSERIE,,NULL
PATI PRESTIGE,PATI PRESTIGE,,NULL
KREMER MICHEL,KREMER MICHEL,,NULL
MACARONNERIE,MACARONNERIE,,NULL
COMPAGNIE PATISSIERE,COMPAGNIE PATISSIERE,,NULL
DAWN FOODS ,DAWN FOODS ,,NULL
HEIM BEIGNETS,HEIM BEIGNETS,,NULL
KERRY,KERRY,,NULL
KERRY INGRE,KERRY INGRE,,NULL
KREMER MICH,KREMER MICH,,NULL
T.T.B.,T.T.B.,,NULL
FERME DES PEUPLIERS,FERME DES PEUPLIERS,,NULL
FERMIER MANEGE,FERMIER MANEGE,,NULL
LA LAITIERE,LA LAITIERE,,NULL
LAITIERE DE LA MOTTE,LAITIERE DE LA MOTTE,,NULL
LE PETIT BASQUE,LE PETIT BASQUE,,NULL
LES 2 VACHES,LES 2 VACHES,,NULL
PETIT BASQUE,PETIT BASQUE,,NULL
PEUPLIERS F,PEUPLIERS F,,NULL
SCL DES HAY,SCL DES HAY,,NULL
BG SAS,BG SAS,,NULL
LA FERMIERE,LA FERMIERE,,NULL
SAVOIE YAOURT,SAVOIE YAOURT,,NULL
STONYFIELD ,STONYFIELD ,,NULL
STONYFIELD FRANCE,STONYFIELD FRANCE,,NULL
VELOUTE FRUIX,VELOUTE FRUIX,,NULL
MARIE MORIN,MARIE MORIN,,NULL
CARREFOUR BON APPETIT,CARREFOUR BON APPETIT,,NULL
T.I.R.,T.I.R.,,NULL
CHARLES&ALICE,CHARLES&ALICE,,NULL
GU CHOCOLAT,GU CHOCOLAT,,NULL
POTS&CO LTD,POTS&CO LTD,,NULL
MAITRES LAITIERS,MAITRES LAITIERS,,
PETITS SUISSES,PETITS SUISSES,,NULL
PETITS GERVAIS,PETITS GERVAIS,,NULL
ELLE & VIRE,ELLE & VIRE,,NULL
BOCAGE NORMAND,BOCAGE NORMAND,,NULL
CELIA,CELIA,,NULL
GRAND FERMAGE,GRAND FERMAGE,,NULL
SAINT HUBERT,SAINT HUBERT,,NULL
UNILEVER,UNILEVER,,NULL
LE FLEURIER,LE FLEURIER,,NULL
AVICULTEURS ASSOCIES,AVICULTEURS ASSOCIES,,NULL
OEUF GASCOGNE,OEUF GASCOGNE,,NULL
BON MAYENNAIS,BON MAYENNAIS,,NULL
CAPRICE DES DIEUX,CAPRICE DES DIEUX,,NULL
COEUR DE LION,COEUR DE LION,,NULL
LE RUSTIQUE,LE RUSTIQUE,,NULL
PAVE D'AFFINOIS,PAVE D'AFFINOIS,,NULL
PETIT NORMAND,PETIT NORMAND,,NULL
SAINT AMOUR,SAINT AMOUR,,NULL
FROMAPAC,FROMAPAC,,NULL
SAINT ALBRAY,SAINT ALBRAY,,NULL
CASA AZZURRA,CASA AZZURRA,,NULL
FROMAGERS DE L'EUROPE,FROMAGERS DE L'EUROPE,,NULL
CHAUSSEE AUX MOINES,CHAUSSEE AUX MOINES,,NULL
RICHES MONTS,RICHES MONTS,,NULL
CARREFOUR SHIELD,CARREFOUR SHIELD,,NULL
PETIT BILLY,PETIT BILLY,,NULL
BRESSE BLEU,BRESSE BLEU,,NULL
ROQUEFORT SOCIETE,ROQUEFORT SOCIETE,,NULL
CARREFOUR DISNEY,CARREFOUR DISNEY,,NULL
ALLIANCE DE,ALLIANCE DE,,NULL
LA VACHE QUI RIT,LA VACHE QUI RIT,,NULL
P'TIT LOUIS,P'TIT LOUIS,,NULL
CAPRICE DES ANGES,CAPRICE DES ANGES,,NULL
CARRE FRAIS,CARRE FRAIS,,NULL
PHILADELPHIA,PHILADELPHIA,,NULL
SAINT MORET,SAINT MORET,,NULL
SAINTT MORET,SAINTT MORET,,NULL
BIOPORC,BIOPORC,,NULL
FLEURY MICHON,FLEURY MICHON,,NULL
FRAIS DEVAN,FRAIS DEVAN,,NULL
VILLANI FRANCE,VILLANI FRANCE,,NULL
MDS,MDS,,NULL
AMAND TERRINE,AMAND TERRINE,,NULL
AMAND-BIANI,AMAND-BIANI,,NULL
BORDEAUX CHESNEL,BORDEAUX CHESNEL,,NULL
JUSTIN BRIDOU,JUSTIN BRIDOU,,NULL
ROCHES BLANCHES,ROCHES BLANCHES,,NULL
SAINT AGAUNE,SAINT AGAUNE,,NULL
VILLANI FRA,VILLANI FRA,,NULL
MONTAGNE NOIRE,MONTAGNE NOIRE,,NULL
SAPRESTI TRAITEUR,SAPRESTI TRAITEUR,,NULL
SAS BC BIO,SAS BC BIO,,NULL
PASTA DI ANGELO,PASTA DI ANGELO,,NULL
CARREFOUR VEGGIE,CARREFOUR VEGGIE,,NULL
TRADITION ASIE,TRADITION ASIE,,NULL
GRAND JURY TOUT PRÊT,GRAND JURY TOUT PRÊT,,NULL
DESSAINT ,DESSAINT ,,NULL
BIOPORC SAS,BIOPORC SAS,,NULL
DELABLI SAS,DELABLI SAS,,NULL
STEFANO TOSELLI,STEFANO TOSELLI,,NULL
CARREFOUR NON APPETIT,CARREFOUR NON APPETIT,,NULL
ASSIETTE BLEUE,ASSIETTE BLEUE,,NULL
CHARLES DELGOVE,CHARLES DELGOVE,,NULL
DELICE MONDE,DELICE MONDE,,NULL
SEPOA DELGO,SEPOA DELGO,,NULL
SELECTION MAREE,SELECTION MAREE,,NULL
CS FRANCE,CS FRANCE,,NULL
VICINI,VICINI,,NULL
DOUCE France,DOUCE France,,NULL
S.N.V,S.N.V,,NULL
ARRIVE M.CO,ARRIVE M.CO,,NULL
FERME DES B,FERME DES B,,NULL
LDC,LDC,,NULL
NORMANDE DE VOLAILLE,NORMANDE DE VOLAILLE,,NULL
GASTRONOME DE DISTRIBUTION,GASTRONOME DE DISTRIBUTION,,NULL
LOEUL ET PIRIOT,LOEUL ET PIRIOT,,NULL
LOEUL&PIRIOT,LOEUL&PIRIOT,,NULL
PÈRE GUILLAUME,PÈRE GUILLAUME,,NULL
NATURE FRANCE,NATURE FRANCE,,NULL
SOCOPA VIANDES,SOCOPA VIANDES,,NULL
MAITRE JACQUES,MAITRE JACQUES,,NULL
ELIVIA,ELIVIA,,NULL
SALAISON DU PRESSOIR,SALAISON DU PRESSOIR,,NULL
SALAISON PRESSOIR,SALAISON PRESSOIR,,NULL
JEAN LOUIS ,JEAN LOUIS ,,NULL
PRESTIGE SART.,PRESTIGE SART.,,NULL
GAST STE NOUVELLE,GAST STE NOUVELLE,,NULL
JAMBON BOCAGE,JAMBON BOCAGE,,NULL
MERE LYONNAISE,MERE LYONNAISE,,NULL
LE PERE CHA,LE PERE CHA,,NULL
CAPG,CAPG,,NULL
COIN GOURMAND,COIN GOURMAND,,NULL
DOMAINE PICARD,DOMAINE PICARD,,
GRAND VALLEE,GRAND VALLEE,,NULL
QUILLARD ET FILS,QUILLARD ET FILS,,NULL
PAUL PREDAULT,PAUL PREDAULT,,NULL
JAMBON DU BOCAGE,JAMBON DU BOCAGE,,NULL
STEMMELEN,STEMMELEN,,NULL
ANDRE LAURENT,ANDRE LAURENT,,NULL
DELICES D'ORIENT,DELICES D'ORIENT,,NULL
LECHEF,LECHEF,,NULL
CHARLES KELLER,CHARLES KELLER,,NULL
RECETTE CARREFOUR,RECETTE CARREFOUR,,NULL
CAMPIFOOD FRANCE,CAMPIFOOD FRANCE,,NULL
COLLET SARL,COLLET SARL,,NULL
GENERALE TRAITEUR,GENERALE TRAITEUR,,NULL
MIDI TIELLE,MIDI TIELLE,,NULL
MIDI TIELLES,MIDI TIELLES,,NULL
STALAVEN JEAN TRAIT,STALAVEN JEAN TRAIT,,NULL
STE PASO,STE PASO,,NULL
GILTRAITEUR,GILTRAITEUR,,NULL
VALENTIN TRAITEUR,VALENTIN TRAITEUR,,NULL
GRPE FRANCAI GASTRON,GRPE FRANCAI GASTRON,,NULL
NORMANDIE VOLAILLE,NORMANDIE VOLAILLE,,NULL
S.N.V.,S.N.V.,,NULL
DUCALE CHIPS ARTIS,DUCALE CHIPS ARTIS,,NULL
CHARCUTERIE VENDEENNE,CHARCUTERIE VENDEENNE,,NULL
FUMAGALLI I,FUMAGALLI I,,NULL
NEGRONI,NEGRONI,,NULL
NOEL ALIMENTARIA,NOEL ALIMENTARIA,,NULL
SPECIALITES DU MONDE,SPECIALITES DU MONDE,,NULL
BORDELAISE ,BORDELAISE ,,NULL
COMAPA,COMAPA,,NULL
COMAPA 2001,COMAPA 2001,,NULL
CAMPIFOOD F,CAMPIFOOD F,,NULL
DELICE ORIENT,DELICE ORIENT,,NULL
JARNOUX CREPERIE,JARNOUX CREPERIE,,NULL
ORIGINE & QUALITE,ORIGINE & QUALITE,,NULL
CHAMOIS D'OR,CHAMOIS D'OR,,NULL
ETOILE VERCORS,ETOILE VERCORS,,NULL
FROMAGERIE DE JUSSAC,FROMAGERIE DE JUSSAC,,NULL
FROMAGERIE DE LIVAROT,FROMAGERIE DE LIVAROT,,NULL
FROMAGERIE DES NEIGES,FROMAGERIE DES NEIGES,,NULL
FROMAGES AFFINES,FROMAGES AFFINES,,NULL
FROMAGES ET TERROIRS,FROMAGES ET TERROIRS,,NULL
LAITERIE SAINT HILAIRE,LAITERIE SAINT HILAIRE,,NULL
MAITRE PENNEC,MAITRE PENNEC,,NULL
MARIE HAREL,MARIE HAREL,,NULL
TERRE NORMANDIE,TERRE NORMANDIE,,NULL
FROMAGE CHABERT,FROMAGE CHABERT,,NULL
FROMAGERIE DES MONTS,FROMAGERIE DES MONTS,,NULL
AMBROSI EMMI FRANCE,AMBROSI EMMI FRANCE,,NULL
TERRE AUVERGNE,TERRE AUVERGNE,,NULL
WALCHILI,WALCHILI,,NULL
FROMAGERE LIVRADOIS,FROMAGERE LIVRADOIS,,NULL
JEAN PERRIN,JEAN PERRIN,,NULL
FTRECAL,FTRECAL,,NULL
MONTS & TERRE,MONTS & TERRE,,NULL
ALLIANCE DES FROMAGES,ALLIANCE DES FROMAGES,,NULL
SCHMIDHAUSER,SCHMIDHAUSER,,NULL
FROMAGERIE ,FROMAGERIE ,,NULL
GRAND COMTOIS,GRAND COMTOIS,,NULL
RIVOIRE&JACQUEMIN,RIVOIRE&JACQUEMIN,,NULL
MIFROMAGE,MIFROMAGE,,NULL
GABRIEL COULET ,GABRIEL COULET ,,NULL
SAINT FLOUR,SAINT FLOUR,,NULL
FROMAGERIE DU PILAT,FROMAGERIE DU PILAT,,NULL
FROMAGERIE LA DROME,FROMAGERIE LA DROME,,NULL
FROMAGERIE NEIGE,FROMAGERIE NEIGE,,NULL
HIJOS DE SALVADOR,HIJOS DE SALVADOR,,NULL
LE VERNEUIL,LE VERNEUIL,,NULL
ONETIK FROMAGES,ONETIK FROMAGES,,NULL
POITOU CHEVRE,POITOU CHEVRE,,NULL
FROMAGERIE DU PAYS,FROMAGERIE DU PAYS,,NULL
FROMAGERS ASSOCIES,FROMAGERS ASSOCIES,,NULL
FROMAGERIE DES NEIGE,FROMAGERIE DES NEIGE,,NULL
FRIESLAND CAMPINA ,FRIESLAND CAMPINA ,,NULL
FROMAGERIES DE L'EUROPE,FROMAGERIES DE L'EUROPE,,NULL
FROMAGERS A,FROMAGERS A,,NULL
BOULE D'OR,BOULE D'OR,,NULL
ROYAL HOLLANDIA,ROYAL HOLLANDIA,,NULL
FROMAGERIE VAL D'AY,FROMAGERIE VAL D'AY,,NULL
LOEUF,LOEUF,,NULL
FROMAGERIE LIVRADOIS,FROMAGERIE LIVRADOIS,,NULL
FROMAGERE L,FROMAGERE L,,NULL
FRIESLAND,FRIESLAND,,NULL
MAITRE PENNEC FROMAGE,MAITRE PENNEC FROMAGE,,NULL
MATARET(LE PETIT),MATARET(LE PETIT),,NULL
NORMANDIE PECHERIE,NORMANDIE PECHERIE,,NULL
CIPAL,CIPAL,,NULL
DIADEZ,DIADEZ,,NULL
AXIANE MEUNERIE,AXIANE MEUNERIE,,NULL
HEBERT GDS MOULINS,HEBERT GDS MOULINS,,NULL
SECTAL,SECTAL,,NULL
SOPHIPAIN,SOPHIPAIN,,NULL
ST MICHEL BISCUITS,ST MICHEL BISCUITS,,NULL
DELICES DE LANDELEAU,DELICES DE LANDELEAU,,NULL
AGRO DOUBS,AGRO DOUBS,,NULL
PATISFRANCE-PURATOS,PATISFRANCE-PURATOS,,NULL
PEP,PEP,,NULL
MAITRE PRUNILLE,MAITRE PRUNILLE,,NULL
PRUNO DELICE,PRUNO DELICE,,NULL
DESTINATION SAVEURS,DESTINATION SAVEURS,,NULL
SUN COLOR,SUN COLOR,,NULL
SPHERE,SPHERE,,NULL
TEDDY'S,TEDDY'S,,NULL
BRUT DE COQUES,BRUT DE COQUES,,NULL
DESTOMBES S,DESTOMBES S,,NULL
DESTOMBES SARL,DESTOMBES SARL,,NULL
LA BOULANGERE,LA BOULANGERE,,NULL
REGENT'S PARK,REGENT'S PARK,,NULL
ERTE BISCUIT,ERTE BISCUIT,,NULL
FORCHY,FORCHY,,NULL
KER CADELAC,KER CADELAC,,NULL
BERROU KOUIGN-AMANN,BERROU KOUIGN-AMANN,,NULL
MAMIE NORMA,MAMIE NORMA,,NULL
FLAMINO SAS,FLAMINO SAS,,NULL
SAINT ANTONIN,SAINT ANTONIN,,NULL
BELLOT,BELLOT,,NULL
ESCO FRANCE,ESCO FRANCE,,NULL
CARREFOUR ECO,CARREFOUR ECO,,NULL
FERME ANCHIN,FERME ANCHIN,,NULL
GASTRONOME DISTRIBUT,GASTRONOME DISTRIBUT,,NULL
FROMAGERIE L'ETOILE,FROMAGERIE L'ETOILE,,NULL
CHOCOLATREE SAS,CHOCOLATREE SAS,,NULL
FROMAGERIE BANON,FROMAGERIE BANON,,NULL
PERE BENOIT,PERE BENOIT,,NULL
A.B.C.D.,A.B.C.D.,,NULL
FROMAGERIE VERDIER,FROMAGERIE VERDIER,,NULL
GAST,GAST,,NULL
FROMAGERIES L ETOILE,FROMAGERIES L ETOILE,,NULL
PILPA DESSERT,PILPA DESSERT,,NULL
ERHARD PATISSERIE,ERHARD PATISSERIE,,NULL
M.DESSERTS ,M.DESSERTS ,,NULL
PEUREUX,PEUREUX,,NULL
CIE LABO,CIE LABO,,NULL
STOP INSECTES,STOP INSECTES,,NULL
SOLCARBON SA NV,SOLCARBON SA NV,,NULL
FACKELMAN FRANCE,FACKELMAN FRANCE,,NULL
PAPETERIE CIE EUROPE,PAPETERIE CIE EUROPE,,NULL
SORAC SARL,SORAC SARL,,NULL
COOP.MAR.EST AUVRAY,COOP.MAR.EST AUVRAY,,
DIFRAMA SAS,DIFRAMA SAS,,NULL
CRESYL,CRESYL,,NULL
VAITOL,VAITOL,,NULL
GOURMETS DE L'EUROPE,GOURMETS DE L'EUROPE,,NULL
CAP BON,VITAL,,NULL
SAVEURS FORESTIERES,SAVEURS FORESTIERES,,NULL
TRADIVAL,TRADIVAL,,
GAULT ET FR,GAULT ET FR,,
IFRI,IFRI,,NULL
NIVEA SUN,NIVEA SUN,,
WERTHER'S ORIGINAL,WERTHER'S ORIGINAL,,
SUBLIM,SUBLIM,,NULL
KITKAT,KITKAT,,NULL
BODY EXPERT,BODY EXPERT,,
GUEGUEN,GUEGUEN,,NULL
SYRTOS,SYRTOS,,
DEVEUROP,DEVEUROP,,NULL
N1,N1,,
MIKO,CARTE D'OR,,NULL
SAINT ALGUE,SAINT ALGUE,,NULL
FANTASIA,FANTASIA,,
MILKY WAY,MILKY WAY,,NULL
RISSO PERF,RISSO PERF,,NULL
V8,V8,,NULL
LOTUS BAKER,LOTUS BAKER,,NULL
MANNA.,MANNA.,,NULL
ECLAIR NV SA,ECLAIR NV SA,,
DESTROOPER,DESTROOPER,,NULL
ULTRA BRITE,ULTRA BRITE,,NULL
EF FRANCE VIANDES,EF FRANCE VIANDES,,NULL
YPIOCA,YPIOCA,,NULL
COLGATE,COLGATE,,NULL
JARDIN SIAM,JARDIN SIAM,,NULL
CEPASCO ESPIG,CEPASCO ESPIG,,NULL
CLIMADIFF,CLIMADIFF,,NULL
CHAMEAU,CHAMEAU,,NULL
SCA HYGIENE PRODUCTS,SCA HYGIENE PRODUCTS,,
ANECOOP FRA,ANECOOP FRA,,NULL
ANECOOP FRANCED,ANECOOP FRANCED,,NULL
BIXENTE,BIXENTE,,
CASE EPICES,CASE EPICES,,NULL
VIRGINIAS,VIRGINIAS,,
VALOR,VALOR,,NULL
BELL FRANCE,BELL FRANCE,,
RUIZ,RUIZ,,NULL
WONDERFULL,WONDERFULL,,NULL
PEPPERIDGE,PEPPERIDGE,,NULL
DELACTOLAIT,DELACTOLAIT,,NULL
EDERKI,EDERKI,,NULL
BORIES,BORIES,,NULL
JEANNETTE,JEANNETTE,,NULL
V.CONSERVE,V.CONSERVE,,
CHARCUTERIE GOURMANDE,CHARCUTERIE GOURMANDE,,NULL
PAYSAGE,PAYSAGE,,NULL
PONT PIERRE,PONT PIERRE,,NULL
RICHEMONTS,RICHEMONTS,,NULL
MONDIALE,MONDIALE,,NULL
MOUETTES ARVOR,MOUETTES ARVOR,,NULL
JOCK,JOCK,,
GUILLOTEAU,GUILLOTEAU,,NULL
LE SUPREME,LE SUPREME,,
GOURMET DES ILES,GOURMET DES ILES,,NULL
BPA,BPA,,NULL
MELIX,MELIX,,NULL
YOU,YOU,,NULL
AMINE,AMINE,,NULL
CARREFOUR BAP JR,CARREFOUR BAP JR,,NULL
EAT ME,EAT ME,,NULL
TORRES,TORRES,,NULL
BERTHON CHARCUTERIE,BERTHON CHARCUTERIE,,NULL
DANFLOU,DANFLOU,,NULL
ROZES ANNE,ROZES ANNE,,NULL
ANNE ROZES,ANNE ROZES,,NULL
PROLINEA,PROLINEA,,NULL
SUBLIM SUN,SUBLIM SUN,,NULL
SAVOIE,SAVOIE,,NULL
PIQUET,PIQUET,,NULL
LAGUILHON,LAGUILHON,,NULL
BIOKILL,BIOKILL,,NULL
AXIANE MEUN,AXIANE MEUN,,NULL
LOU GASCOU,LOU GASCOU,,NULL
TRES.FRUIT,TRES.FRUIT,,
BADOIT VERTE,BADOIT VERTE,,NULL
SILL SAS,SILL SAS,,NULL
CPVD FOULON,CPVD FOULON,,
RIVOIRE & JACQUEMIN,RIVOIRE & JACQUEMIN,,
SERPIS,SERPIS,,NULL
BIRABEN,BIRABEN,,NULL
DISTRALIS,DISTRALIS,,
C.NORMAND,C.NORMAND,,NULL
CALGONIT,CALGONIT,,NULL
RIVIERE,RIVIERE,,NULL
M.RIVIERE,M.RIVIERE,,NULL
T.GOURMAND,T.GOURMAND,,NULL
LE REVELOI,LE REVELOI,,
BLEDICHEF,BLEDICHEF,,NULL
MONSIEUR,MONSIEUR,,NULL
FROMAGE AFFINOIS,FROMAGE AFFINOIS,,NULL
G.BARADAT,G.BARADAT,,NULL
KERISAC,KERISAC,,NULL
BIACTOL,BIACTOL,,NULL
S.ERWANN,S.ERWANN,,NULL
DARK DOG,DARK DOG,,NULL
JAVEL DOSE,JAVEL DOSE,,NULL
PANIFICATION MODERNE,PANIFICATION MODERNE,,NULL
FESTINE,FESTINE,,NULL
HÄAGEN-DAZS,HÄAGEN-DAZS,,NULL
YEDO SUSHI,YEDO SUSHI,,
MME CALIN,MME CALIN,,NULL
CALIN,CALIN,,NULL
YOPA,YOPA,,NULL
HAMEON,HAMEON,,NULL
MONTEBOURG,MONTEBOURG,,NULL
DELICES SAINT AGAUNE,DELICES SAINT AGAUNE,,NULL
DELIFRANCE SA,DELIFRANCE SA,,NULL
YOPLAIT 0%,YOPLAIT 0%,,NULL
TERRES BLEUES,TERRES BLEUES,,NULL
NICOT GOURMET,NICOT GOURMET,,NULL
FAVOLS,FAVOLS,,NULL
LAPOUGE,LAPOUGE,,NULL
PIK ET CROQ,PIK ET CROQ,,
GET,GET,,NULL
MONLUC,MONLUC,,NULL
CHARLES AMAND,CHARLES AMAND,,NULL
TORREFACTION BROCELIANDE,TORREFACTION BROCELIANDE,,
DELICIEUSE,DELICIEUSE,,NULL
LA MONEGASQUE,LA MONEGASQUE,,NULL
PETITS FILOUS,PETITS FILOUS,,
DELICES DE LA TOUR,DELICES DE LA TOUR,,NULL
FROM CARTE,FROM CARTE,,
MLIKA,MLIKA,,
PRIMEL GAST,PRIMEL GAST,,
BASQUAISE,BASQUAISE,,NULL
RICHES MONT,RICHES MONT,,NULL
ELMEX,ELMEX,,NULL
LESCURE,LESCURE,,NULL
CATELIER,CATELIER,,NULL
MATOCQ,MATOCQ,,NULL
1664 KRONENBOURG,1664 KRONENBOURG,,NULL
LV,LV,,NULL
LESIRE,LESIRE,,
CARBOBOIS,CARBOBOIS,,NULL
TRUDEAU,TRUDEAU,,NULL
DYSNEY,DYSNEY,,NULL
FOUCTEAU,FOUCTEAU,,NULL
ROUY,ROUY,,NULL
SWISS DELICE,SWISS DELICE,,NULL
CHAVEGRAND ,CHAVEGRAND ,,NULL
SCAN IMPORT,SCAN IMPORT,,NULL
ORIGINE ET QUALITE,ORIGINE ET QUALITE,,NULL
LION,LION,,NULL
FLORAISON,FLORAISON,,NULL
DELABLI,DELABLI,,NULL
SAINT WANDRILLE,SAINT WANDRILLE,,NULL
PIERRE CARDIN,PIERRE CARDIN,,NULL
APERICUBE BEL,APERICUBE BEL,,NULL
LEGAGNOA,LEGAGNOA,,NULL
ROUCOULON,ROUCOULON,,NULL
SPIGOL,SPIGOL,,NULL
AIMERY,AIMERY,,
PIPER HEIDSIECK,PIPER HEIDSIECK,,
SELECTION,SELECTION,,NULL
D.PERIGORD,D.PERIGORD,,NULL
DAWN FOODS FRANCE B.,DAWN FOODS FRANCE B.,,
OVALIS,OVALIS,,NULL
HALAL,HALAL,,
OLABE DISTRIBUTION,OLABE DISTRIBUTION,,NULL
YOP,YOP,,
HERMESETAS,HERMESETAS,,
TONIGENCYL,TONIGENCYL,,
VALTERO,VALTERO,,NULL
CASA FIESTA,CASA FIESTA,,
L.BOUILLOT,L.BOUILLOT,,NULL
AJAX VITRE,AJAX VITRE,,NULL
VANDAMME,VANDAMME,,NULL
SOYJOY,SOYJOY,,NULL
GLACEAU,GLACEAU,,NULL
ACE INTERNA,ACE INTERNA,,NULL
FRULOS,FRULOS,,NULL
DEL.PALAIS,DEL.PALAIS,,NULL
P.B.T,P.B.T,,NULL
MERCADIER,MERCADIER,,
SAS FAT SMOKE,SAS FAT SMOKE,,NULL
PROVEN ORAPI,PROVEN ORAPI,,NULL
PLAY BOY,PLAY BOY,,NULL
MAZET,MAZET,,NULL
CHABERT,CHABERT,,NULL
GARREAU,GARREAU,,NULL
FRANCAISE GASTRONOMIE,FRANCAISE GASTRONOMIE,,NULL
LECHAMPION,LECHAMPION,,
TOQUE ANGEVINE,TOQUE ANGEVINE,,NULL
M.OCCITANS,M.OCCITANS,,NULL
ROGER BISCOTTES,ROGER BISCOTTES,,NULL
FRAIS EMBAL,FRAIS EMBAL,,NULL
YOU BE,YOU BE,,NULL
LOU GASCOUN,LOU GASCOUN,,NULL
PETIT FRIQUET,PETIT FRIQUET,,
GIRARD MAURICE,GIRARD MAURICE,,NULL
DR ETKER,DR ETKER,,NULL
ARDELIS,ARDELIS,,NULL
TAILLEFINE FIZ,TAILLEFINE FIZ,,NULL
RABELAIS,RABELAIS,,NULL
AMAURY,AMAURY,,NULL
TAL.GOURMANDE,TAL.GOURMANDE,,NULL
SOCADIS,SOCADIS,,NULL
ESPRIT RESTAURATION,ESPRIT RESTAURATION,,NULL
EVENT-THAI TRAITEUR,EVENT-THAI TRAITEUR,,NULL
DEVAUX,DEVAUX,,
BERNDES,BERNDES,,NULL
PYREX,PYREX,,NULL
TATE LYLES,TATE LYLES,,
HAYWARDS,HAYWARDS,,NULL
HUBA BUBBA,HUBA BUBBA,,NULL
FARROW,FARROW,,NULL
MR COOKES KITCHEN,MR COOKES KITCHEN,,NULL
PRO ACTIV,PRO ACTIV,,NULL
MACALLAN,MACALLAN,,NULL
BRANSTON,BRANSTON,,NULL
KRAFT,KRAFT,,
REGENTS PARK,REGENTS PARK,,NULL
FOXS,FOXS,,
AHMAD,AHMAD,,NULL
NEW COVENT,NEW COVENT,,NULL
KETTLE,KETTLE,,NULL
MAYNARD,MAYNARD,,NULL
TERRA OLIV,MILLE SUD,,NULL
CŒUR CHAUFFE,CŒUR CHAUFFE,,NULL
HAW,HAW,,NULL
NOVA FOODS SRL,NOVA FOODS SRL,,NULL
MONTALBANO,MONTALBANO,,NULL
BONDOLCE ,BONDOLCE ,,NULL
Italie PASSION,Italie PASSION,,NULL
ELEGANCE,ELEGANCE,,NULL
BUFALA,BUFALA,,NULL
MARTINI ROSE,MARTINI ROSE,,
WHITEHALL,WHITEHALL,,NULL
ROVAGNATI,ROVAGNATI,,NULL
MOTTA,MOTTA,,
RISO SCOTTI,RISO SCOTTI,,NULL
P.CASTELLI,P.CASTELLI,,
DOLCE ITALIA,DOLCE ITALIA,,
MINIDOU,MINIDOU,,
ANTICA PAS,ANTICA PAS,,NULL
BEN & JERRY'S,BEN & JERRY'S,,NULL
C.ARTISTES,C.ARTISTES,,NULL
SOL PLUS,SOL PLUS,,NULL
OUST,OUST,,
DOLMIO,DOLMIO,,NULL
ASILEA,ASILEA,,NULL
DON PAPA,DON PAPA,,NULL
JESTIN,JESTIN,,NULL
MACARICO,MACARICO,,
MACUMBA,MACUMBA,,NULL
HITSCHLER,HITSCHLER,,
LANTCHIPS,LANTCHIPS,,NULL
BLOCH,BLOCH,,
C.BLOCH,C.BLOCH,,
CP MARCHAN,CP MARCHAN,,
KISS,KISS,,
VESTEY FOODS,VESTEY FOODS,,
CARF,CARF,,
..,NULL,,
SILL,1er Prix,,
DELACTOLAI,DELACTOLAIT,,
TISANIERE,LA TISANIERE,,
DRYNITES,DRYNITES,,
HT HERBAGE,HT HERBAGE,,
BABYSOIF,BABYSOIF,,
M.BOUCHER,M.BOUCHER,,
NOEL,NOEL ALIMENTARIA,,
TAO.,TAO.,,
BEL EPI,BEL EPI,,
C.DE BLE,C.DE BLE,,
DAUNAT.,DAUNAT,,
PARMIGIANO,PARMIGIANO,,
GU CHOCOLA,GU CHOCOLAT,,
POPCHIPS,POPCHIPS,,
PIC NIC BR,PIC NIC BR,,
MANOIR,MANOIR,,
DUNE.,DUNE.,,
AMPHORA,1er Prix,,
1664 BLANC,1664 BLANC,,
P.ISLANDE,P.ISLANDE,,
SOBREVAL,SOBREVAL,,
SELECT.MAR,SELECT.MAR,,
CAPRIFRAIS,1er Prix,,
VALENTIN,1er Prix ,,
BONJURA,BONJURA,,
CHAMANE,CHAMANE,,
EYGUEBELLE,EYGUEBELLE,,
BELLEROSE,BELLEROSE,,
S.A. LEDUN,S.A. LEDUN,,
O ET Q,ORIGINE ET QUALITE,,
CIE PECHES,CIE PECHES,,
MOISSAC,MOISSAC,,
HERADURA,HERADURA,,
RENOVA,RENOVA,,
MILLERET,ROUCOULON,,
R.PARK,REGENTS PARK,,
MATEUS,,,
VERKADE,VERKADE,,
TG TRAIT.,TG TRAIT.,,
C.MORONI,C.MORONI,,
AMBI PUR,FEBREZE,,
PERFECT FI,PERFECT FI,,
LOACKER,LOACKER,,
BARBAPAPA,BARBAPAPA,,
GUIOT,GUIOT,,
APICU.ASSO,APICU.ASSO,,
SAV.ANTAN,SAV.ANTAN,,
ISOMEGA,ISOMEGA,,
ART CULINE,ART CULINE,,
KLAR,KLAR,,
PRIMEX,PRIMEX,,
JARNOUX,JARNOUX,,
BOLLINGER,BOLLINGER,,
ROEDERER,ROEDERER,,
SENOBLE,SENOBLE,,
GU DESSERT,GU CHOCOLAT,,
JUICY WATE,JUICY WATE,,
MARCO POLO,MARCO POLO,,
HERTOG,HERTOG,,
DIZOLVE,DIZOLVE,,
LICO,LICO,,
PT FRIQUET,PETIT FRIQUET,,
ECOLAB,ECOLAB,,
FRELON,FRELON,,
TAILLE.FIZ,TAILLEFINE FIZ,,
TAL.GOURMA,TAL.GOURMANDE,,
BLUE DIAM,BLUE DIAM,,
DOM PERIGN,MOET & CHANDON,,
..,,,
...,NULL,,
.,NULL,,
CROISSANCE,CROISSANCE,,
CHANTESAIR,1er Prix ,,
DECOLOR ST,DECOLOR ST,,
CRF SOLIDR,CRF SOLIDR,,
BEL,BEL,,
FEE DU LOG,FEE DU LOG,,
ST.AMOUR,ST.AMOUR,,
M.LAITIERS,MAITRES LAITIERS,,
..,,,
...,NULL,,
.,NULL,,
..,,,
...,NULL,,
.,NULL,,
CRF BAP.JR,CARREFOUR BAP JR,,
SOCOPA V,SOCOPA,,
ASCANIA,ASCANIA,,
TOQ.BOURBO,TOQ.BOURBO,,
BYO ESSENT,BG SAS,,
LAP.ARTOIS,LAP.ARTOIS,,
J.MONTAGNE,J.MONTAGNE,,
BUCHINGER,BUCHINGER,,
..,,,
...,NULL,,
.,NULL,,
GLENROTHES,GLENROTHES,,
PERR.JOUET,PERR.JOUET,,
B.VEZELAY,B.VEZELAY,,
SCHAR,DR SCHAR,,
AYAM,AYAM,,
MORAND,MORAND,,
ARDBEG,ARDBEG,,
G.MILLS,G.MILLS,,
DEWAR'S,DEWAR'S,,
KNOB CREEK,KNOB CREEK,,
D.BELLEVUE,D.BELLEVUE,,
GLENKINCHI,GLENKINCHI,,
AKASHI,AKASHI,,
CHEF'N,KARIS,,
PERE LABAT,PERE LABAT,,
BURTS,BURTS,,
ALGOFLASH,ALGOFLASH,,
BARINSECTE,BARINSECTE,,
GRUAU D OR,GRUAU D OR,,
J.BECKER,J.BECKER,,
BARRONGEUR,BARRONGEUR,,
...,NULL,,
.,NULL,,
..,,,
DESTINATIO,DESTINATIO,,
CANCALAISE,CANCALAISE,,
TELENN DU,TELENN DU,,
ST STEFANU,ST STEFANU,,
JEAN BRUNE,JEAN BRUNE,,
B.HERMINE,B.HERMINE,,
LCS SUN UL,LES COSMETIQUES,,
PINGUIN,PINGUIN,,
SHARWOODS,SHARWOODS,,
AICHA,EN CUISINE,,
CURVER,MONDEX,,
MARCEL BIO,DRINKYZ ALT,,
NATUR.BIO,NATUR.BIO,,
VELOX,VELOX,,
.,NULL,,
...,,,
..,NULL,,
.,NULL,,
...,,,
..,NULL,,
.,NULL,,
...,,,
..,NULL,,
...,NULL,,
.,NULL,,
..,,,
CIDOU,CIDOU,,
SISCA,SISCA,,
SDC,SDC,,
ZEN&SS GLU,ZEN&SS GLU,,
FUMAGALLI,FUMAGALLI,,
DISGROUP,DISGROUP,,
ULTRA BRIT,ULTRA BRIT,,
OR CLASSIQ,OR CLASSIQ,,
OR ABSOLU,OR ABSOLU,,
8 IN 1,8 IN 1,,
SO BIO,SO BIO,,
MONT BLC,MONT BLC,,
CHATELDON,CHATELDON,,
SALUTAR,SALUTAR,,
PETIT SUI,PETIT SUI,,
HUGO LE MA,HUGO LE MA,,
LOR,LOR,,
THONON,THONON,,
LP NEUTRE,LP NEUTRE,,
SENI,SENI,,
LOOS,LOOS,,
CYRIL LIGN,CYRIL LIGN,,
LAVOR,LAVOR,,
...,NULL,,
.,NULL,,
..,,,
..,,,
...,NULL,,
.,NULL,,
..,,,
...,NULL,,
.,NULL,,
..,,,
...,NULL,,
.,NULL,,
CHUFFI,CHUFFI,,
CLEAR,CLEAR,,
QUINTA AVO,QUINTA AVO,,
SEB,SEB,,
RAMIREZ,RAMIREZ,,
LEXAR,LEXAR,,
D'AVO,D'AVO,,
ORVAL,ORVAL,,
EL TAJ,EL TAJ,,
VIVAT,VIVAT,,
PROBAR,PROBAR,,
INFUSION,INFUSION,,
DONA OLIVA,DONA OLIVA,,
BOUVARD,BOUVARD,,
LIZI'S,LIZI'S,,
XXX,XXX,,
LESAFFRE,LESAFFRE,,
MEME GEORG,MEME GEORG,,
GARDEL,GARDEL,,
A MODO MIO,A MODO MIO,,
DOM DUARTE,DOM DUARTE,,
MAUREL,MAUREL,,
GALLO,GALLO,,
LA COCA,LA COCA,,
DON MIGUEL,DON MIGUEL,,
YUM YUM,YUM YUM,,
L'OR EXPR.,L'OR EXPR.,,
CACAROLA,CACAROLA,,
PINTO,PINTO,,
FLUFF,FLUFF,,
PORC 71,PORC 71,,
CRAVENCO,CRAVENCO,,
VETOCANIS,VETOCANIS,,
XLTECH,XLTECH,,
..,,,
...,NULL,,
.,NULL,,
FRUISS BIO,FRUISS BIO,,
PAR'MIL,PAR'MIL,,
FRANCETTE,FRANCETTE,,
PAULETTE,PAULETTE,,
DIVERSEYL,DIVERSEYL,,
CAROLA,CAROLA,,
VARICHON,VARICHON,,
PURE LEAF,PURE LEAF,,
VIEILLE AB,VIEILLE AB,,
SOLEADA,SOLEADA,,
CARREL,CARREL,,
WOW,WOW,,
SULTANA,SULTANA,,
MFP POULAI,MFP POULAI,,
PLEIN FRUI,PLEIN FRUI,,
NOVASTYL,NOVASTYL,,
..,,,
...,NULL,,
.,NULL,,
GOUTERS MAG,GOUTERS MAG,,
MEDITERRANE,MEDITERRANE,,
INTERSNACK ,INTERSNACK ,,
GRAND COMPT,GRAND COMPT,,
JDE FR SAS,JDE FR SAS,,
BRULERIE HA,BRULERIE HA,,
L'OR,L'OR ,,
DRINKYZ ALT,DRINKYZ ALT,,
CARRE SUISS,CARRE SUISS,,
LA PATELIERE,LA PATELIERE,,
YARDEN JUS ,YARDEN JUS ,,
NUTRITION &,NUTRITION &,,
NUTRITION & SANTE,NUTRITION & SANTE,,
DR SCHAR FR,DR SCHAR FR,,
AGRIBERIA S,AGRIBERIA S,,
CAMARGUE PR,CAMARGUE PR,,
SDV ,SDV ,,
SAFIA SAS,SAFIA SAS,,
SOUFFLET,SOUFFLET,,
CARGILL OIL,CARGILL OIL,,
TRAM,TRAM,,
GEORGELIN C,GEORGELIN C,,
APICULTEURS ASSOCIES,APICULTEURS ASSOCIES,,
CONSERVERI ,CONSERVERI ,,
NUTRISCIENCE,NUTRISCIENCE,,
VIARD CIDRE,VIARD CIDRE,,
BAVARIA FRA,BAVARIA FRA,,
CSR SA,CSR SA,,
BREAVOINE M,BREAVOINE M,,
DIFCOM,DIFCOM,,
BRASSERIE G,BRASSERIE G,,
ASAHI UK LI,ASAHI UK LI,,
 EN, EN,,
INTERNATION,INTERNATION,,
CAVES DE GR,CAVES DE GR,,
GRATIEN MEY,GRATIEN MEY,,
CHATEAU MON FERAY,CHATEAU MON FERAY,,
CLAEYSSENS ,CLAEYSSENS ,,
VEDRENNE PA,VEDRENNE PA,,
LA MARTINIQUE,LA MARTINIQUE,,
DIS,DIS,,
MHD MOET HE,MHD MOET HE,,
MAISON DU WHISKY,MAISON DU WHISKY,,
MALHER BESS,MALHER BESS,,
ROTHSCHILD ,ROTHSCHILD ,,
MIBELLE GRO,MIBELLE GRO,,
RECKITT-BEN,RECKITT-BEN,,
CRISTALINAS,CRISTALINAS,,
SCA HYGIENE,SCA HYGIENE,,
FAST BEAUTY,FAST BEAUTY,,
PUBLI EMBAL,PUBLI EMBAL,,
SOPANO,SOPANO,,
PLAST EMBAL,PLAST EMBAL,,
DEREN ET CI,DEREN ET CI,,
SABERT EURO,SABERT EURO,,
NATURE & CI,NATURE & CI,,
COSTA MEERS,COSTA MEERS,,
TOMDIS,TOMDIS,,
CELTIGEL,CELTIGEL,,
FOO,FOO,,
OUIFOODS,OUIFOODS,,
ROLPH AND R,ROLPH AND R,,
PASQUIER GI,PASQUIER GI,,
ANGELYS L,ANGELYS L,,
TERRES BLEU,TERRES BLEU,,
FRIGEXQUIS,FRIGEXQUIS,,
GLACIERE NA,GLACIERE NA,,
BIONATIS,BIONATIS,,
BIOFOURNIL,BIOFOURNIL,,
GRAIN D'OR ,GRAIN D'OR ,,
ALTERFOODIE,ALTERFOODIE,,
CHARLES & ALICE,CHARLES & ALICE,,
JFD JUS FRA,JFD JUS FRA,,
SOUPOLOGIE ,SOUPOLOGIE ,,
CIPF CODIPA,CIPF CODIPA,,
SAPRESTI TR,SAPRESTI TR,,
MONTERRAT R,MONTERRAT R,,
KING SEA FO,KING SEA FO,,
MYTILIMER P,MYTILIMER P,,
GALLIANCE V,GALLIANCE V,,
DELMOND FOI,DELMOND FOI,,
LOEUL PIRIOT,LOEUL PIRIOT,,
COOPERL ARC,COOPERL ARC,,
DEBROAS SAU,DEBROAS SAU,,
FOOD IMPACT,FOOD IMPACT,,
NAIVE FOOD,NAIVE FOOD,,
GOURMETS DE,GOURMETS DE,,
MATOCQ FROM,MATOCQ FROM,,
AFFINIA LAC,AFFINIA LAC,,
BRIOCHE ET ,BRIOCHE ET ,,
LIGHTBODY E,LIGHTBODY E,,
CHOCOLATREE,CHOCOLATREE,,
ETS DURU,ETS DURU,,
NATURA FOOD,NATURA FOOD,,
ANECOOP France,ANECOOP France,,
..,,,
...,NULL,,
.,NULL,,
NESQUICK,NESQUICK,,
FRUISS SS,FRUISS SS,,
OTIO,OTIO,,
BARBIER,BARBIER,,
MA TRADITI,MA TRADITI,,
RICORE,RICORE,,
CAFE ROY E,CAFE ROY E,,
OR ESPRESS,OR ESPRESS,,
CAFE ROY D,CAFE ROY D,,
PICUEZO,PICUEZO,,
VELOUR NR,VELOUR NR,,
FOSS,FOSS,,
VALS,VALS,,
RHUM HSE,RHUM HSE,,
GLOSS,GLOSS,,
..,,,
...,NULL,,
.,NULL,,
FR.CHERBLA,FR.CHERBLA,,
BIO,BIO,,
DOLCE GUST,DOLCE GUST,,
MONTFLEURI,MONTFLEURI,,
CREPE BROC,CREPE BROC,,
NESTLE LAI,NESTLE LAI,,
HOME EQUIP,HOME EQUIP,,
S. COMPRIS,S. COMPRIS,,
KAMBIO,KAMBIO,,
COSTES,COSTES,,
LIPTON ESP,LIPTON ESP,,
BAIKO,BAIKO,,
LCS MICELL,LCS MICELL,,
PEGUET SAV,PEGUET SAV,,
H.RAFFIN,H.RAFFIN,,
BARMON'S,BARMON'S,,
BIONADE,BIONADE,,
BIONAT,BIONAT,,
LES FAYES,LES FAYES,,
CAFE ROY S,CAFE ROY S,,
ERSTEIN,ERSTEIN,,
M.COLOMBUS,M.COLOMBUS,,
BEYOND,BEYOND,,
KERGUILLET,KERGUILLET,,
MORIN,MORIN,,
NAT.OCEANE,NAT.OCEANE,,
SIMOS,SIMOS,,
BONTA DIVI,BONTA DIVI,,
LCS AGE UL,LCS AGE UL,,
MAES,MAES,,
GD SALOIR,GD SALOIR,,
GINGER BEE,GINGER BEE,,
TWINNINGS,TWINNINGS,,
TEMPLE OR,TEMPLE OR,,
SOJABIO,SOJABIO,,
BRESSANE,BRESSANE,,
F.COLLET,F.COLLET,,
PECHALOU,PECHALOU,,
..,,,
...,NULL,,
.,NULL,,
